F:\\Alan\\Documentos\\Doutorado\\Retina\\images\\gamma_correction\\train\\100150_20150104001030003.jpg,312,190,385,274,0
F:\\Alan\\Documentos\\Doutorado\\Retina\\images\\gamma_correction\\train\\100150_20150104001030003_tb.jpg,312,211,385,295,0
F:\\Alan\\Documentos\\Doutorado\\Retina\\images\\gamma_correction\\train\\100151_20150104001030004.jpg,422,186,498,273,0
F:\\Alan\\Documentos\\Doutorado\\Retina\\images\\gamma_correction\\train\\100152_20150104001030008.jpg,212,225,303,318,0
F:\\Alan\\Documentos\\Doutorado\\Retina\\images\\gamma_correction\\train\\100152_20150104001030008_tb.jpg,212,167,303,260,0
F:\\Alan\\Documentos\\Doutorado\\Retina\\images\\gamma_correction\\train\\100153_20150104001030013.jpg,379,241,442,316,0
F:\\Alan\\Documentos\\Doutorado\\Retina\\images\\gamma_correction\\train\\100153_20150104001030013_tb.jpg,379,169,442,244,0
F:\\Alan\\Documentos\\Doutorado\\Retina\\images\\gamma_correction\\train\\100155_20150105001010004.jpg,150,406,229,456,0
F:\\Alan\\Documentos\\Doutorado\\Retina\\images\\gamma_correction\\train\\100155_20150105001010004_tb.jpg,150,29,229,79,0
F:\\Alan\\Documentos\\Doutorado\\Retina\\images\\gamma_correction\\train\\100157_20150105001013010.jpg,254,230,321,295,0
F:\\Alan\\Documentos\\Doutorado\\Retina\\images\\gamma_correction\\train\\100157_20150105001013010_tb.jpg,254,190,321,255,0
F:\\Alan\\Documentos\\Doutorado\\Retina\\images\\gamma_correction\\train\\100158_20150105001013014.jpg,145,261,231,327,0
F:\\Alan\\Documentos\\Doutorado\\Retina\\images\\gamma_correction\\train\\100158_20150105001013014_tb.jpg,145,158,231,224,0
F:\\Alan\\Documentos\\Doutorado\\Retina\\images\\gamma_correction\\train\\100160_20150107001005020.jpg,66,229,151,326,0
F:\\Alan\\Documentos\\Doutorado\\Retina\\images\\gamma_correction\\train\\100160_20150107001005020_tb.jpg,66,159,151,256,0
F:\\Alan\\Documentos\\Doutorado\\Retina\\images\\gamma_correction\\train\\100161_20150107001005026.jpg,114,245,178,309,0
F:\\Alan\\Documentos\\Doutorado\\Retina\\images\\gamma_correction\\train\\100162_20150105001020013.jpg,268,331,377,402,0
F:\\Alan\\Documentos\\Doutorado\\Retina\\images\\gamma_correction\\train\\100162_20150105001020013_tb.jpg,268,83,377,154,0
F:\\Alan\\Documentos\\Doutorado\\Retina\\images\\gamma_correction\\train\\100163_20150105001022007.jpg,193,130,289,224,0
F:\\Alan\\Documentos\\Doutorado\\Retina\\images\\gamma_correction\\train\\100163_20150105001022007_tb.jpg,193,261,289,355,0
F:\\Alan\\Documentos\\Doutorado\\Retina\\images\\gamma_correction\\train\\100164_20150105001022024.jpg,85,96,178,203,0
F:\\Alan\\Documentos\\Doutorado\\Retina\\images\\gamma_correction\\train\\100164_20150105001022024_tb.jpg,85,282,178,389,0
F:\\Alan\\Documentos\\Doutorado\\Retina\\images\\gamma_correction\\train\\100167_20150105001023023.jpg,246,330,309,402,0
F:\\Alan\\Documentos\\Doutorado\\Retina\\images\\gamma_correction\\train\\100167_20150105001023023_tb.jpg,246,83,309,155,0
F:\\Alan\\Documentos\\Doutorado\\Retina\\images\\gamma_correction\\train\\100170_20150105001052002.jpg,316,324,403,402,0
F:\\Alan\\Documentos\\Doutorado\\Retina\\images\\gamma_correction\\train\\100170_20150105001052002_tb.jpg,316,83,403,161,0
F:\\Alan\\Documentos\\Doutorado\\Retina\\images\\gamma_correction\\train\\100171_20150105001052001.jpg,255,359,399,471,0
F:\\Alan\\Documentos\\Doutorado\\Retina\\images\\gamma_correction\\train\\100172_20150105001034007.jpg,421,377,482,460,0
F:\\Alan\\Documentos\\Doutorado\\Retina\\images\\gamma_correction\\train\\100172_20150105001034007_tb.jpg,421,25,482,108,0
F:\\Alan\\Documentos\\Doutorado\\Retina\\images\\gamma_correction\\train\\100174_20150105001034021.jpg,354,311,457,429,0
F:\\Alan\\Documentos\\Doutorado\\Retina\\images\\gamma_correction\\train\\100174_20150105001034021_tb.jpg,354,56,457,174,0
F:\\Alan\\Documentos\\Doutorado\\Retina\\images\\gamma_correction\\train\\100175_20150106001015007.jpg,402,116,471,205,0
F:\\Alan\\Documentos\\Doutorado\\Retina\\images\\gamma_correction\\train\\100175_20150106001015007_tb.jpg,402,280,471,369,0
F:\\Alan\\Documentos\\Doutorado\\Retina\\images\\gamma_correction\\train\\100177_20150106001015008.jpg,430,232,480,286,0
F:\\Alan\\Documentos\\Doutorado\\Retina\\images\\gamma_correction\\train\\100177_20150106001015008_tb.jpg,430,199,480,253,0
F:\\Alan\\Documentos\\Doutorado\\Retina\\images\\gamma_correction\\train\\100178_20150106001015009.jpg,427,225,480,288,0
F:\\Alan\\Documentos\\Doutorado\\Retina\\images\\gamma_correction\\train\\100178_20150106001015009_tb.jpg,427,197,480,260,0
F:\\Alan\\Documentos\\Doutorado\\Retina\\images\\gamma_correction\\train\\100179_20150106001015010.jpg,376,305,450,358,0
F:\\Alan\\Documentos\\Doutorado\\Retina\\images\\gamma_correction\\train\\100179_20150106001015010_tb.jpg,376,127,450,180,0
F:\\Alan\\Documentos\\Doutorado\\Retina\\images\\gamma_correction\\train\\100181_20150107001013002.jpg,151,243,206,315,0
F:\\Alan\\Documentos\\Doutorado\\Retina\\images\\gamma_correction\\train\\100181_20150107001013002_tb.jpg,151,170,206,242,0
F:\\Alan\\Documentos\\Doutorado\\Retina\\images\\gamma_correction\\train\\100182_20150107001013012.jpg,114,297,197,368,0
F:\\Alan\\Documentos\\Doutorado\\Retina\\images\\gamma_correction\\train\\100183_20150106001040013.jpg,202,306,296,380,0
F:\\Alan\\Documentos\\Doutorado\\Retina\\images\\gamma_correction\\train\\100183_20150106001040013_tb.jpg,202,105,296,179,0
F:\\Alan\\Documentos\\Doutorado\\Retina\\images\\gamma_correction\\train\\100186_20150106001047012.jpg,83,254,198,353,0
F:\\Alan\\Documentos\\Doutorado\\Retina\\images\\gamma_correction\\train\\100186_20150106001047012_tb.jpg,83,132,198,231,0
F:\\Alan\\Documentos\\Doutorado\\Retina\\images\\gamma_correction\\train\\100187_20150106001047013.jpg,106,316,190,372,0
F:\\Alan\\Documentos\\Doutorado\\Retina\\images\\gamma_correction\\train\\100188_20150106001047022.jpg,107,153,197,221,0
F:\\Alan\\Documentos\\Doutorado\\Retina\\images\\gamma_correction\\train\\100188_20150106001047022_tb.jpg,107,264,197,332,0
F:\\Alan\\Documentos\\Doutorado\\Retina\\images\\gamma_correction\\train\\100189_20150106001047023.jpg,105,231,166,293,0
F:\\Alan\\Documentos\\Doutorado\\Retina\\images\\gamma_correction\\train\\100189_20150106001047023_tb.jpg,105,192,166,254,0
F:\\Alan\\Documentos\\Doutorado\\Retina\\images\\gamma_correction\\train\\100196_20150106001071018.jpg,202,134,264,193,0
F:\\Alan\\Documentos\\Doutorado\\Retina\\images\\gamma_correction\\train\\100196_20150106001071018.jpg,77,257,162,313,0
F:\\Alan\\Documentos\\Doutorado\\Retina\\images\\gamma_correction\\train\\100196_20150106001071018_tb.jpg,202,292,264,351,0
F:\\Alan\\Documentos\\Doutorado\\Retina\\images\\gamma_correction\\train\\100196_20150106001071018_tb.jpg,77,172,162,228,0
F:\\Alan\\Documentos\\Doutorado\\Retina\\images\\gamma_correction\\train\\100199_20150107001028019.jpg,353,313,453,419,0
F:\\Alan\\Documentos\\Doutorado\\Retina\\images\\gamma_correction\\train\\100199_20150107001028019_tb.jpg,353,66,453,172,0
F:\\Alan\\Documentos\\Doutorado\\Retina\\images\\gamma_correction\\train\\100204_20150107001030019.jpg,172,272,247,357,0
F:\\Alan\\Documentos\\Doutorado\\Retina\\images\\gamma_correction\\train\\100204_20150107001030019_tb.jpg,172,128,247,213,0
F:\\Alan\\Documentos\\Doutorado\\Retina\\images\\gamma_correction\\train\\100205_20150107001030018.jpg,119,310,185,405,0
F:\\Alan\\Documentos\\Doutorado\\Retina\\images\\gamma_correction\\train\\100205_20150107001030018_tb.jpg,119,80,185,175,0
F:\\Alan\\Documentos\\Doutorado\\Retina\\images\\gamma_correction\\train\\100207_20150107001040003.jpg,231,324,323,395,0
F:\\Alan\\Documentos\\Doutorado\\Retina\\images\\gamma_correction\\train\\100207_20150107001040003_tb.jpg,231,90,323,161,0
F:\\Alan\\Documentos\\Doutorado\\Retina\\images\\gamma_correction\\train\\100208_20150107001040004.jpg,325,403,423,480,0
F:\\Alan\\Documentos\\Doutorado\\Retina\\images\\gamma_correction\\train\\100208_20150107001040004_tb.jpg,325,5,423,82,0
F:\\Alan\\Documentos\\Doutorado\\Retina\\images\\gamma_correction\\train\\100216_20150107001041000.jpg,6,216,497,479,0
F:\\Alan\\Documentos\\Doutorado\\Retina\\images\\gamma_correction\\train\\100216_20150107001041000_tb.jpg,6,6,497,269,0
F:\\Alan\\Documentos\\Doutorado\\Retina\\images\\gamma_correction\\train\\100218_20150107001043013.jpg,162,313,439,456,0
F:\\Alan\\Documentos\\Doutorado\\Retina\\images\\gamma_correction\\train\\100218_20150107001043013_tb.jpg,162,29,439,172,0
F:\\Alan\\Documentos\\Doutorado\\Retina\\images\\gamma_correction\\train\\100219_20150107001043009.jpg,124,314,426,484,0
F:\\Alan\\Documentos\\Doutorado\\Retina\\images\\gamma_correction\\train\\100220_20150107001043016.jpg,6,14,300,259,0
F:\\Alan\\Documentos\\Doutorado\\Retina\\images\\gamma_correction\\train\\100220_20150107001043016.jpg,374,293,490,457,0
F:\\Alan\\Documentos\\Doutorado\\Retina\\images\\gamma_correction\\train\\100220_20150107001043016_tb.jpg,6,226,300,471,0
F:\\Alan\\Documentos\\Doutorado\\Retina\\images\\gamma_correction\\train\\100220_20150107001043016_tb.jpg,374,28,490,192,0
F:\\Alan\\Documentos\\Doutorado\\Retina\\images\\gamma_correction\\train\\100221_20150107001043017.jpg,10,12,336,349,0
F:\\Alan\\Documentos\\Doutorado\\Retina\\images\\gamma_correction\\train\\100228_20150107001079026.jpg,59,226,118,287,0
F:\\Alan\\Documentos\\Doutorado\\Retina\\images\\gamma_correction\\train\\100228_20150107001079026_tb.jpg,59,198,118,259,0
F:\\Alan\\Documentos\\Doutorado\\Retina\\images\\gamma_correction\\train\\100229_20150108001020001.jpg,225,234,331,328,0
F:\\Alan\\Documentos\\Doutorado\\Retina\\images\\gamma_correction\\train\\100229_20150108001020001.jpg,70,101,144,173,0
F:\\Alan\\Documentos\\Doutorado\\Retina\\images\\gamma_correction\\train\\100229_20150108001020001_tb.jpg,225,157,331,251,0
F:\\Alan\\Documentos\\Doutorado\\Retina\\images\\gamma_correction\\train\\100229_20150108001020001_tb.jpg,70,312,144,384,0
F:\\Alan\\Documentos\\Doutorado\\Retina\\images\\gamma_correction\\train\\100231_20150108001020010.jpg,6,52,183,252,0
F:\\Alan\\Documentos\\Doutorado\\Retina\\images\\gamma_correction\\train\\100231_20150108001020010.jpg,243,196,333,267,0
F:\\Alan\\Documentos\\Doutorado\\Retina\\images\\gamma_correction\\train\\100231_20150108001020010_tb.jpg,6,233,183,433,0
F:\\Alan\\Documentos\\Doutorado\\Retina\\images\\gamma_correction\\train\\100231_20150108001020010_tb.jpg,243,218,333,289,0
F:\\Alan\\Documentos\\Doutorado\\Retina\\images\\gamma_correction\\train\\100232_20150108001020009.jpg,274,249,334,321,0
F:\\Alan\\Documentos\\Doutorado\\Retina\\images\\gamma_correction\\train\\100242_20150108001058011.jpg,121,19,318,173,0
F:\\Alan\\Documentos\\Doutorado\\Retina\\images\\gamma_correction\\train\\100242_20150108001058011_tb.jpg,121,312,318,466,0
F:\\Alan\\Documentos\\Doutorado\\Retina\\images\\gamma_correction\\train\\100245_20150108001060007.jpg,325,406,394,464,0
F:\\Alan\\Documentos\\Doutorado\\Retina\\images\\gamma_correction\\train\\100247_20150108001060008.jpg,244,300,334,375,0
F:\\Alan\\Documentos\\Doutorado\\Retina\\images\\gamma_correction\\train\\100247_20150108001060008_tb.jpg,244,110,334,185,0
F:\\Alan\\Documentos\\Doutorado\\Retina\\images\\gamma_correction\\train\\100251_20150108001086009.jpg,254,191,338,259,0
F:\\Alan\\Documentos\\Doutorado\\Retina\\images\\gamma_correction\\train\\100251_20150108001086009_tb.jpg,254,226,338,294,0
F:\\Alan\\Documentos\\Doutorado\\Retina\\images\\gamma_correction\\train\\100254_20150109001001006.jpg,170,213,234,287,0
F:\\Alan\\Documentos\\Doutorado\\Retina\\images\\gamma_correction\\train\\100254_20150109001001006_tb.jpg,170,198,234,272,0
F:\\Alan\\Documentos\\Doutorado\\Retina\\images\\gamma_correction\\train\\100255_20150109001001007.jpg,221,283,272,341,0
F:\\Alan\\Documentos\\Doutorado\\Retina\\images\\gamma_correction\\train\\100255_20150109001001007_tb.jpg,221,144,272,202,0
F:\\Alan\\Documentos\\Doutorado\\Retina\\images\\gamma_correction\\train\\100256_20150109001001008.jpg,233,216,293,275,0
F:\\Alan\\Documentos\\Doutorado\\Retina\\images\\gamma_correction\\train\\100256_20150109001001008_tb.jpg,233,210,293,269,0
F:\\Alan\\Documentos\\Doutorado\\Retina\\images\\gamma_correction\\train\\100259_20150109001001020.jpg,121,234,174,308,0
F:\\Alan\\Documentos\\Doutorado\\Retina\\images\\gamma_correction\\train\\100259_20150109001001020_tb.jpg,121,177,174,251,0
F:\\Alan\\Documentos\\Doutorado\\Retina\\images\\gamma_correction\\train\\100272_20150109001006008.jpg,216,331,311,382,0
F:\\Alan\\Documentos\\Doutorado\\Retina\\images\\gamma_correction\\train\\100272_20150109001006008_tb.jpg,216,103,311,154,0
F:\\Alan\\Documentos\\Doutorado\\Retina\\images\\gamma_correction\\train\\100277_20150109001006018.jpg,54,216,128,311,0
F:\\Alan\\Documentos\\Doutorado\\Retina\\images\\gamma_correction\\train\\100277_20150109001006018_tb.jpg,54,174,128,269,0
F:\\Alan\\Documentos\\Doutorado\\Retina\\images\\gamma_correction\\train\\100278_20150109001012004.jpg,42,301,101,365,0
F:\\Alan\\Documentos\\Doutorado\\Retina\\images\\gamma_correction\\train\\100278_20150109001012004_tb.jpg,42,120,101,184,0
F:\\Alan\\Documentos\\Doutorado\\Retina\\images\\gamma_correction\\train\\100282_20150109001012013.jpg,82,336,167,393,0
F:\\Alan\\Documentos\\Doutorado\\Retina\\images\\gamma_correction\\train\\100283_20150113001001005.jpg,244,63,431,223,0
F:\\Alan\\Documentos\\Doutorado\\Retina\\images\\gamma_correction\\train\\100283_20150113001001005_tb.jpg,244,262,431,422,0
F:\\Alan\\Documentos\\Doutorado\\Retina\\images\\gamma_correction\\train\\100288_20150109001017016.jpg,152,193,234,273,0
F:\\Alan\\Documentos\\Doutorado\\Retina\\images\\gamma_correction\\train\\100288_20150109001017016_tb.jpg,152,212,234,292,0
F:\\Alan\\Documentos\\Doutorado\\Retina\\images\\gamma_correction\\train\\100299_20150318001001016.jpg,77,98,257,378,0
F:\\Alan\\Documentos\\Doutorado\\Retina\\images\\gamma_correction\\train\\100299_20150318001001016_tb.jpg,77,107,257,387,0
F:\\Alan\\Documentos\\Doutorado\\Retina\\images\\gamma_correction\\train\\100300_20150318001001015.jpg,116,11,226,188,0
F:\\Alan\\Documentos\\Doutorado\\Retina\\images\\gamma_correction\\train\\100300_20150318001001015_tb.jpg,116,297,226,474,0
F:\\Alan\\Documentos\\Doutorado\\Retina\\images\\gamma_correction\\train\\100301_20150318001001012.jpg,34,73,126,196,0
F:\\Alan\\Documentos\\Doutorado\\Retina\\images\\gamma_correction\\train\\100301_20150318001001012_tb.jpg,34,289,126,412,0
F:\\Alan\\Documentos\\Doutorado\\Retina\\images\\gamma_correction\\train\\100307_20150306001003012.jpg,144,219,264,344,0
F:\\Alan\\Documentos\\Doutorado\\Retina\\images\\gamma_correction\\train\\100307_20150306001003012_tb.jpg,144,141,264,266,0
F:\\Alan\\Documentos\\Doutorado\\Retina\\images\\gamma_correction\\train\\100314_20150318001002013.jpg,75,250,136,359,0
F:\\Alan\\Documentos\\Doutorado\\Retina\\images\\gamma_correction\\train\\100314_20150318001002013_tb.jpg,75,126,136,235,0
F:\\Alan\\Documentos\\Doutorado\\Retina\\images\\gamma_correction\\train\\100315_20150318001002014.jpg,67,144,174,275,0
F:\\Alan\\Documentos\\Doutorado\\Retina\\images\\gamma_correction\\train\\100315_20150318001002014.jpg,279,129,334,186,0
F:\\Alan\\Documentos\\Doutorado\\Retina\\images\\gamma_correction\\train\\100315_20150318001002014_tb.jpg,67,210,174,341,0
F:\\Alan\\Documentos\\Doutorado\\Retina\\images\\gamma_correction\\train\\100315_20150318001002014_tb.jpg,279,299,334,356,0
F:\\Alan\\Documentos\\Doutorado\\Retina\\images\\gamma_correction\\train\\100326_20150302001006003.jpg,228,113,431,313,0
F:\\Alan\\Documentos\\Doutorado\\Retina\\images\\gamma_correction\\train\\100326_20150302001006003_tb.jpg,228,172,431,372,0
F:\\Alan\\Documentos\\Doutorado\\Retina\\images\\gamma_correction\\train\\100327_20150302001006004.jpg,200,99,367,250,0
F:\\Alan\\Documentos\\Doutorado\\Retina\\images\\gamma_correction\\train\\100328_20150302001006005.jpg,175,114,390,332,0
F:\\Alan\\Documentos\\Doutorado\\Retina\\images\\gamma_correction\\train\\100328_20150302001006005_tb.jpg,175,153,390,371,0
F:\\Alan\\Documentos\\Doutorado\\Retina\\images\\gamma_correction\\train\\100333_20150304001004012.jpg,108,328,203,406,0
F:\\Alan\\Documentos\\Doutorado\\Retina\\images\\gamma_correction\\train\\100333_20150304001004012_tb.jpg,108,79,203,157,0
F:\\Alan\\Documentos\\Doutorado\\Retina\\images\\gamma_correction\\train\\100336_20150304001006010.jpg,139,293,313,434,0
F:\\Alan\\Documentos\\Doutorado\\Retina\\images\\gamma_correction\\train\\100336_20150304001006010_tb.jpg,139,51,313,192,0
F:\\Alan\\Documentos\\Doutorado\\Retina\\images\\gamma_correction\\train\\100337_20150304001006012.jpg,69,208,156,339,0
F:\\Alan\\Documentos\\Doutorado\\Retina\\images\\gamma_correction\\train\\100337_20150304001006012_tb.jpg,69,146,156,277,0
F:\\Alan\\Documentos\\Doutorado\\Retina\\images\\gamma_correction\\train\\100338_20150303001008009.jpg,142,140,244,218,0
F:\\Alan\\Documentos\\Doutorado\\Retina\\images\\gamma_correction\\train\\100338_20150303001008009_tb.jpg,142,267,244,345,0
F:\\Alan\\Documentos\\Doutorado\\Retina\\images\\gamma_correction\\train\\100340_20150302001011002.jpg,172,49,308,129,0
F:\\Alan\\Documentos\\Doutorado\\Retina\\images\\gamma_correction\\train\\100340_20150302001011002_tb.jpg,172,356,308,436,0
F:\\Alan\\Documentos\\Doutorado\\Retina\\images\\gamma_correction\\train\\100348_20150303001020012.jpg,236,239,292,300,0
F:\\Alan\\Documentos\\Doutorado\\Retina\\images\\gamma_correction\\train\\100348_20150303001020012_tb.jpg,236,185,292,246,0
F:\\Alan\\Documentos\\Doutorado\\Retina\\images\\gamma_correction\\train\\100349_20150303001020013.jpg,183,219,246,280,0
F:\\Alan\\Documentos\\Doutorado\\Retina\\images\\gamma_correction\\train\\100355_20150311001003007.jpg,221,277,311,357,0
F:\\Alan\\Documentos\\Doutorado\\Retina\\images\\gamma_correction\\train\\100355_20150311001003007_tb.jpg,221,128,311,208,0
F:\\Alan\\Documentos\\Doutorado\\Retina\\images\\gamma_correction\\train\\100356_20150311001003006.jpg,202,209,267,273,0
F:\\Alan\\Documentos\\Doutorado\\Retina\\images\\gamma_correction\\train\\100356_20150311001003006_tb.jpg,202,212,267,276,0
F:\\Alan\\Documentos\\Doutorado\\Retina\\images\\gamma_correction\\train\\100359_20150302001017010.jpg,123,278,182,328,0
F:\\Alan\\Documentos\\Doutorado\\Retina\\images\\gamma_correction\\train\\100359_20150302001017010_tb.jpg,123,157,182,207,0
F:\\Alan\\Documentos\\Doutorado\\Retina\\images\\gamma_correction\\train\\100360_20150302001017012.jpg,203,126,282,195,0
F:\\Alan\\Documentos\\Doutorado\\Retina\\images\\gamma_correction\\train\\100360_20150302001017012_tb.jpg,203,290,282,359,0
F:\\Alan\\Documentos\\Doutorado\\Retina\\images\\gamma_correction\\train\\100365_20150325001002012.jpg,231,80,371,178,0
F:\\Alan\\Documentos\\Doutorado\\Retina\\images\\gamma_correction\\train\\100366_20150325001002014.jpg,206,314,361,444,0
F:\\Alan\\Documentos\\Doutorado\\Retina\\images\\gamma_correction\\train\\100366_20150325001002014_tb.jpg,206,41,361,171,0
F:\\Alan\\Documentos\\Doutorado\\Retina\\images\\gamma_correction\\train\\100368_20150325001002017.jpg,157,167,208,221,0
F:\\Alan\\Documentos\\Doutorado\\Retina\\images\\gamma_correction\\train\\100368_20150325001002017_tb.jpg,157,264,208,318,0
F:\\Alan\\Documentos\\Doutorado\\Retina\\images\\gamma_correction\\train\\100369_20150302001031021.jpg,93,104,177,213,0
F:\\Alan\\Documentos\\Doutorado\\Retina\\images\\gamma_correction\\train\\100369_20150302001031021_tb.jpg,93,272,177,381,0
F:\\Alan\\Documentos\\Doutorado\\Retina\\images\\gamma_correction\\train\\100370_20150302001035017.jpg,231,385,285,436,0
F:\\Alan\\Documentos\\Doutorado\\Retina\\images\\gamma_correction\\train\\100370_20150302001035017_tb.jpg,231,49,285,100,0
F:\\Alan\\Documentos\\Doutorado\\Retina\\images\\gamma_correction\\train\\100371_20150302001035018.jpg,170,383,223,434,0
F:\\Alan\\Documentos\\Doutorado\\Retina\\images\\gamma_correction\\train\\100373_20150302001035024.jpg,185,254,300,349,0
F:\\Alan\\Documentos\\Doutorado\\Retina\\images\\gamma_correction\\train\\100373_20150302001035024_tb.jpg,185,136,300,231,0
F:\\Alan\\Documentos\\Doutorado\\Retina\\images\\gamma_correction\\train\\100374_20150303001040002.jpg,397,73,510,191,0
F:\\Alan\\Documentos\\Doutorado\\Retina\\images\\gamma_correction\\train\\100374_20150303001040002_tb.jpg,397,294,510,412,0
F:\\Alan\\Documentos\\Doutorado\\Retina\\images\\gamma_correction\\train\\100376_20150309001002008.jpg,169,290,223,349,0
F:\\Alan\\Documentos\\Doutorado\\Retina\\images\\gamma_correction\\train\\100377_20150309001002009.jpg,170,223,243,290,0
F:\\Alan\\Documentos\\Doutorado\\Retina\\images\\gamma_correction\\train\\100377_20150309001002009_tb.jpg,170,195,243,262,0
F:\\Alan\\Documentos\\Doutorado\\Retina\\images\\gamma_correction\\train\\100378_20150302001066018.jpg,254,216,362,310,0
F:\\Alan\\Documentos\\Doutorado\\Retina\\images\\gamma_correction\\train\\100378_20150302001066018_tb.jpg,254,175,362,269,0
F:\\Alan\\Documentos\\Doutorado\\Retina\\images\\gamma_correction\\train\\100385_20150302001084006.jpg,290,290,410,416,0
F:\\Alan\\Documentos\\Doutorado\\Retina\\images\\gamma_correction\\train\\100385_20150302001084006_tb.jpg,290,69,410,195,0
F:\\Alan\\Documentos\\Doutorado\\Retina\\images\\gamma_correction\\train\\100386_20150302001084011.jpg,157,310,307,447,0
F:\\Alan\\Documentos\\Doutorado\\Retina\\images\\gamma_correction\\train\\100386_20150302001084011_tb.jpg,157,38,307,175,0
F:\\Alan\\Documentos\\Doutorado\\Retina\\images\\gamma_correction\\train\\100396_20150309001010001.jpg,59,308,131,370,0
F:\\Alan\\Documentos\\Doutorado\\Retina\\images\\gamma_correction\\train\\100396_20150309001010001_tb.jpg,59,115,131,177,0
F:\\Alan\\Documentos\\Doutorado\\Retina\\images\\gamma_correction\\train\\100397_20150309001010004.jpg,106,388,177,459,0
F:\\Alan\\Documentos\\Doutorado\\Retina\\images\\gamma_correction\\train\\100397_20150309001010004_tb.jpg,106,26,177,97,0
F:\\Alan\\Documentos\\Doutorado\\Retina\\images\\gamma_correction\\train\\100398_20150309001010010.jpg,152,236,226,331,0
F:\\Alan\\Documentos\\Doutorado\\Retina\\images\\gamma_correction\\train\\100398_20150309001010010_tb.jpg,152,154,226,249,0
F:\\Alan\\Documentos\\Doutorado\\Retina\\images\\gamma_correction\\train\\100400_20150309001012009.jpg,316,121,535,359,0
F:\\Alan\\Documentos\\Doutorado\\Retina\\images\\gamma_correction\\train\\100400_20150309001012009_tb.jpg,316,126,535,364,0
F:\\Alan\\Documentos\\Doutorado\\Retina\\images\\gamma_correction\\train\\100403_20150305001044009.jpg,330,250,417,347,0
F:\\Alan\\Documentos\\Doutorado\\Retina\\images\\gamma_correction\\train\\100403_20150305001044009_tb.jpg,330,138,417,235,0
F:\\Alan\\Documentos\\Doutorado\\Retina\\images\\gamma_correction\\train\\100408_20150306001035008.jpg,234,145,302,214,0
F:\\Alan\\Documentos\\Doutorado\\Retina\\images\\gamma_correction\\train\\100408_20150306001035008_tb.jpg,234,271,302,340,0
F:\\Alan\\Documentos\\Doutorado\\Retina\\images\\gamma_correction\\train\\100412_20150303001065008.jpg,210,183,357,332,0
F:\\Alan\\Documentos\\Doutorado\\Retina\\images\\gamma_correction\\train\\100412_20150303001065008_tb.jpg,210,153,357,302,0
F:\\Alan\\Documentos\\Doutorado\\Retina\\images\\gamma_correction\\train\\100416_20150309001020026.jpg,236,193,293,257,0
F:\\Alan\\Documentos\\Doutorado\\Retina\\images\\gamma_correction\\train\\100416_20150309001020026_tb.jpg,236,228,293,292,0
F:\\Alan\\Documentos\\Doutorado\\Retina\\images\\gamma_correction\\train\\100417_20150309001020027.jpg,203,370,297,452,0
F:\\Alan\\Documentos\\Doutorado\\Retina\\images\\gamma_correction\\train\\100417_20150309001020027_tb.jpg,203,33,297,115,0
F:\\Alan\\Documentos\\Doutorado\\Retina\\images\\gamma_correction\\train\\100418_20150309001022006.jpg,170,259,239,313,0
F:\\Alan\\Documentos\\Doutorado\\Retina\\images\\gamma_correction\\train\\100418_20150309001022006_tb.jpg,170,172,239,226,0
F:\\Alan\\Documentos\\Doutorado\\Retina\\images\\gamma_correction\\train\\100419_20150309001022008.jpg,188,241,285,308,0
F:\\Alan\\Documentos\\Doutorado\\Retina\\images\\gamma_correction\\train\\100419_20150309001022008_tb.jpg,188,177,285,244,0
F:\\Alan\\Documentos\\Doutorado\\Retina\\images\\gamma_correction\\train\\100423_20150303001076005.jpg,285,201,398,301,0
F:\\Alan\\Documentos\\Doutorado\\Retina\\images\\gamma_correction\\train\\100423_20150303001076005_tb.jpg,285,184,398,284,0
F:\\Alan\\Documentos\\Doutorado\\Retina\\images\\gamma_correction\\train\\100427_20150306001037008.jpg,208,231,336,354,0
F:\\Alan\\Documentos\\Doutorado\\Retina\\images\\gamma_correction\\train\\100427_20150306001037008_tb.jpg,208,131,336,254,0
F:\\Alan\\Documentos\\Doutorado\\Retina\\images\\gamma_correction\\train\\100428_20150306001037009.jpg,193,206,349,347,0
F:\\Alan\\Documentos\\Doutorado\\Retina\\images\\gamma_correction\\train\\100428_20150306001037009_tb.jpg,193,138,349,279,0
F:\\Alan\\Documentos\\Doutorado\\Retina\\images\\gamma_correction\\train\\100431_20150304001049002.jpg,293,224,344,298,0
F:\\Alan\\Documentos\\Doutorado\\Retina\\images\\gamma_correction\\train\\100431_20150304001049002_tb.jpg,293,187,344,261,0
F:\\Alan\\Documentos\\Doutorado\\Retina\\images\\gamma_correction\\train\\100432_20150304001049003.jpg,256,273,336,359,0
F:\\Alan\\Documentos\\Doutorado\\Retina\\images\\gamma_correction\\train\\100432_20150304001049003_tb.jpg,256,126,336,212,0
F:\\Alan\\Documentos\\Doutorado\\Retina\\images\\gamma_correction\\train\\100436_20150304001049014.jpg,146,177,198,227,0
F:\\Alan\\Documentos\\Doutorado\\Retina\\images\\gamma_correction\\train\\100436_20150304001049014_tb.jpg,146,258,198,308,0
F:\\Alan\\Documentos\\Doutorado\\Retina\\images\\gamma_correction\\train\\100437_20150304001049016.jpg,300,234,379,311,0
F:\\Alan\\Documentos\\Doutorado\\Retina\\images\\gamma_correction\\train\\100437_20150304001049016_tb.jpg,300,174,379,251,0
F:\\Alan\\Documentos\\Doutorado\\Retina\\images\\gamma_correction\\train\\100442_20150306001043013.jpg,139,268,238,362,0
F:\\Alan\\Documentos\\Doutorado\\Retina\\images\\gamma_correction\\train\\100442_20150306001043013_tb.jpg,139,123,238,217,0
F:\\Alan\\Documentos\\Doutorado\\Retina\\images\\gamma_correction\\train\\100443_20150306001043014.jpg,134,252,249,351,0
F:\\Alan\\Documentos\\Doutorado\\Retina\\images\\gamma_correction\\train\\100443_20150306001043014_tb.jpg,134,134,249,233,0
F:\\Alan\\Documentos\\Doutorado\\Retina\\images\\gamma_correction\\train\\100445_20150304001062003.jpg,256,214,390,349,0
F:\\Alan\\Documentos\\Doutorado\\Retina\\images\\gamma_correction\\train\\100445_20150304001062003_tb.jpg,256,136,390,271,0
F:\\Alan\\Documentos\\Doutorado\\Retina\\images\\gamma_correction\\train\\100451_20150311001016006.jpg,169,58,285,163,0
F:\\Alan\\Documentos\\Doutorado\\Retina\\images\\gamma_correction\\train\\100456_20150310001032015.jpg,41,260,96,316,0
F:\\Alan\\Documentos\\Doutorado\\Retina\\images\\gamma_correction\\train\\100456_20150310001032015_tb.jpg,41,169,96,225,0
F:\\Alan\\Documentos\\Doutorado\\Retina\\images\\gamma_correction\\train\\100457_20150310001032016.jpg,72,153,142,229,0
F:\\Alan\\Documentos\\Doutorado\\Retina\\images\\gamma_correction\\train\\100457_20150310001032016_tb.jpg,72,256,142,332,0
F:\\Alan\\Documentos\\Doutorado\\Retina\\images\\gamma_correction\\train\\100460_20150312001006014.jpg,252,37,326,116,0
F:\\Alan\\Documentos\\Doutorado\\Retina\\images\\gamma_correction\\train\\100461_20150312001006013.jpg,211,47,318,116,0
F:\\Alan\\Documentos\\Doutorado\\Retina\\images\\gamma_correction\\train\\100461_20150312001006013_tb.jpg,211,369,318,438,0
F:\\Alan\\Documentos\\Doutorado\\Retina\\images\\gamma_correction\\train\\100462_20150312001006005.jpg,60,201,224,388,0
F:\\Alan\\Documentos\\Doutorado\\Retina\\images\\gamma_correction\\train\\100462_20150312001006005_tb.jpg,60,97,224,284,0
F:\\Alan\\Documentos\\Doutorado\\Retina\\images\\gamma_correction\\train\\100463_20150312001006004.jpg,31,204,159,345,0
F:\\Alan\\Documentos\\Doutorado\\Retina\\images\\gamma_correction\\train\\100463_20150312001006004_tb.jpg,31,140,159,281,0
F:\\Alan\\Documentos\\Doutorado\\Retina\\images\\gamma_correction\\train\\100465_20150316001004014.jpg,157,317,257,394,0
F:\\Alan\\Documentos\\Doutorado\\Retina\\images\\gamma_correction\\train\\100465_20150316001004014.jpg,268,147,352,226,0
F:\\Alan\\Documentos\\Doutorado\\Retina\\images\\gamma_correction\\train\\100466_20150316001004015.jpg,193,155,268,221,0
F:\\Alan\\Documentos\\Doutorado\\Retina\\images\\gamma_correction\\train\\100466_20150316001004015.jpg,318,40,400,114,0
F:\\Alan\\Documentos\\Doutorado\\Retina\\images\\gamma_correction\\train\\100466_20150316001004015_tb.jpg,193,264,268,330,0
F:\\Alan\\Documentos\\Doutorado\\Retina\\images\\gamma_correction\\train\\100466_20150316001004015_tb.jpg,318,371,400,445,0
F:\\Alan\\Documentos\\Doutorado\\Retina\\images\\gamma_correction\\train\\100467_20150316001004016.jpg,111,32,311,227,0
F:\\Alan\\Documentos\\Doutorado\\Retina\\images\\gamma_correction\\train\\100467_20150316001004016_tb.jpg,111,258,311,453,0
F:\\Alan\\Documentos\\Doutorado\\Retina\\images\\gamma_correction\\train\\100473_20150311001026005.jpg,275,229,350,334,0
F:\\Alan\\Documentos\\Doutorado\\Retina\\images\\gamma_correction\\train\\100473_20150311001026005_tb.jpg,275,151,350,256,0
F:\\Alan\\Documentos\\Doutorado\\Retina\\images\\gamma_correction\\train\\100474_20150311001026006.jpg,377,211,465,283,0
F:\\Alan\\Documentos\\Doutorado\\Retina\\images\\gamma_correction\\train\\100474_20150311001026006_tb.jpg,377,202,465,274,0
F:\\Alan\\Documentos\\Doutorado\\Retina\\images\\gamma_correction\\train\\100477_20150311001029009.jpg,95,288,163,368,0
F:\\Alan\\Documentos\\Doutorado\\Retina\\images\\gamma_correction\\train\\100477_20150311001029009_tb.jpg,95,117,163,197,0
F:\\Alan\\Documentos\\Doutorado\\Retina\\images\\gamma_correction\\train\\100478_20150311001029014.jpg,172,134,275,229,0
F:\\Alan\\Documentos\\Doutorado\\Retina\\images\\gamma_correction\\train\\100478_20150311001029014_tb.jpg,172,256,275,351,0
F:\\Alan\\Documentos\\Doutorado\\Retina\\images\\gamma_correction\\train\\100490_20150312001020013.jpg,283,19,359,89,0
F:\\Alan\\Documentos\\Doutorado\\Retina\\images\\gamma_correction\\train\\100512_20150317001014007.jpg,378,398,459,470,0
F:\\Alan\\Documentos\\Doutorado\\Retina\\images\\gamma_correction\\train\\100513_20150317001014011.jpg,159,257,357,422,0
F:\\Alan\\Documentos\\Doutorado\\Retina\\images\\gamma_correction\\train\\100513_20150317001014011_tb.jpg,159,63,357,228,0
F:\\Alan\\Documentos\\Doutorado\\Retina\\images\\gamma_correction\\train\\100516_20150317001014015.jpg,54,221,177,373,0
F:\\Alan\\Documentos\\Doutorado\\Retina\\images\\gamma_correction\\train\\100516_20150317001014015_tb.jpg,54,112,177,264,0
F:\\Alan\\Documentos\\Doutorado\\Retina\\images\\gamma_correction\\train\\100520_20150313001023009.jpg,154,106,221,173,0
F:\\Alan\\Documentos\\Doutorado\\Retina\\images\\gamma_correction\\train\\100520_20150313001023009_tb.jpg,154,312,221,379,0
F:\\Alan\\Documentos\\Doutorado\\Retina\\images\\gamma_correction\\train\\100521_20150313001024006.jpg,180,290,375,458,0
F:\\Alan\\Documentos\\Doutorado\\Retina\\images\\gamma_correction\\train\\100523_20150313001024009.jpg,150,85,334,230,0
F:\\Alan\\Documentos\\Doutorado\\Retina\\images\\gamma_correction\\train\\100523_20150313001024009_tb.jpg,150,255,334,400,0
F:\\Alan\\Documentos\\Doutorado\\Retina\\images\\gamma_correction\\train\\100524_20150313001024015.jpg,309,203,418,298,0
F:\\Alan\\Documentos\\Doutorado\\Retina\\images\\gamma_correction\\train\\100524_20150313001024015_tb.jpg,309,187,418,282,0
F:\\Alan\\Documentos\\Doutorado\\Retina\\images\\gamma_correction\\train\\100527_20150313001024019.jpg,216,57,286,126,0
F:\\Alan\\Documentos\\Doutorado\\Retina\\images\\gamma_correction\\train\\100527_20150313001024019_tb.jpg,216,359,286,428,0
F:\\Alan\\Documentos\\Doutorado\\Retina\\images\\gamma_correction\\train\\100528_20150313001024020.jpg,159,29,281,134,0
F:\\Alan\\Documentos\\Doutorado\\Retina\\images\\gamma_correction\\train\\100528_20150313001024020.jpg,172,152,237,208,0
F:\\Alan\\Documentos\\Doutorado\\Retina\\images\\gamma_correction\\train\\100528_20150313001024020_tb.jpg,159,351,281,456,0
F:\\Alan\\Documentos\\Doutorado\\Retina\\images\\gamma_correction\\train\\100528_20150313001024020_tb.jpg,172,277,237,333,0
F:\\Alan\\Documentos\\Doutorado\\Retina\\images\\gamma_correction\\train\\100530_20150313001024022.jpg,229,306,313,390,0
F:\\Alan\\Documentos\\Doutorado\\Retina\\images\\gamma_correction\\train\\100530_20150313001024022_tb.jpg,229,95,313,179,0
F:\\Alan\\Documentos\\Doutorado\\Retina\\images\\gamma_correction\\train\\100532_20150313001024024.jpg,134,283,260,398,0
F:\\Alan\\Documentos\\Doutorado\\Retina\\images\\gamma_correction\\train\\100532_20150313001024024_tb.jpg,134,87,260,202,0
F:\\Alan\\Documentos\\Doutorado\\Retina\\images\\gamma_correction\\train\\100536_20150313001025009.jpg,390,124,447,177,0
F:\\Alan\\Documentos\\Doutorado\\Retina\\images\\gamma_correction\\train\\100536_20150313001025009_tb.jpg,390,308,447,361,0
F:\\Alan\\Documentos\\Doutorado\\Retina\\images\\gamma_correction\\train\\100541_20150313001026002.jpg,194,357,353,472,0
F:\\Alan\\Documentos\\Doutorado\\Retina\\images\\gamma_correction\\train\\100541_20150313001026002_tb.jpg,194,13,353,128,0
F:\\Alan\\Documentos\\Doutorado\\Retina\\images\\gamma_correction\\train\\100545_20150313001026014.jpg,229,228,391,351,0
F:\\Alan\\Documentos\\Doutorado\\Retina\\images\\gamma_correction\\train\\100545_20150313001026014_tb.jpg,229,134,391,257,0
F:\\Alan\\Documentos\\Doutorado\\Retina\\images\\gamma_correction\\train\\100550_20150313001028011.jpg,184,153,277,254,0
F:\\Alan\\Documentos\\Doutorado\\Retina\\images\\gamma_correction\\train\\100550_20150313001028011_tb.jpg,184,231,277,332,0
F:\\Alan\\Documentos\\Doutorado\\Retina\\images\\gamma_correction\\train\\100551_20150313001028012.jpg,192,148,291,219,0
F:\\Alan\\Documentos\\Doutorado\\Retina\\images\\gamma_correction\\train\\100551_20150313001028012_tb.jpg,192,266,291,337,0
F:\\Alan\\Documentos\\Doutorado\\Retina\\images\\gamma_correction\\train\\100552_20150311001041013.jpg,233,295,286,348,0
F:\\Alan\\Documentos\\Doutorado\\Retina\\images\\gamma_correction\\train\\100552_20150311001041013_tb.jpg,233,137,286,190,0
F:\\Alan\\Documentos\\Doutorado\\Retina\\images\\gamma_correction\\train\\100557_20150105001010012.jpg,145,58,220,137,0
F:\\Alan\\Documentos\\Doutorado\\Retina\\images\\gamma_correction\\train\\100557_20150105001010012_tb.jpg,145,348,220,427,0
F:\\Alan\\Documentos\\Doutorado\\Retina\\images\\gamma_correction\\train\\100560_20150105001020001.jpg,181,215,238,269,0
F:\\Alan\\Documentos\\Doutorado\\Retina\\images\\gamma_correction\\train\\100560_20150105001020001_tb.jpg,181,216,238,270,0
F:\\Alan\\Documentos\\Doutorado\\Retina\\images\\gamma_correction\\train\\100562_20150106001062001.jpg,296,56,390,145,0
F:\\Alan\\Documentos\\Doutorado\\Retina\\images\\gamma_correction\\train\\100562_20150106001062001_tb.jpg,296,340,390,429,0
F:\\Alan\\Documentos\\Doutorado\\Retina\\images\\gamma_correction\\train\\100583_20150310001065003.jpg,239,26,564,379,0
F:\\Alan\\Documentos\\Doutorado\\Retina\\images\\gamma_correction\\train\\100583_20150310001065003_tb.jpg,239,106,564,459,0
F:\\Alan\\Documentos\\Doutorado\\Retina\\images\\gamma_correction\\train\\100584_20150310001065006.jpg,36,129,98,179,0
F:\\Alan\\Documentos\\Doutorado\\Retina\\images\\gamma_correction\\train\\100584_20150310001065006_tb.jpg,36,306,98,356,0
F:\\Alan\\Documentos\\Doutorado\\Retina\\images\\gamma_correction\\train\\100585_20150310001065007.jpg,140,44,354,179,0
F:\\Alan\\Documentos\\Doutorado\\Retina\\images\\gamma_correction\\train\\100585_20150310001065007_tb.jpg,140,306,354,441,0
F:\\Alan\\Documentos\\Doutorado\\Retina\\images\\gamma_correction\\train\\100586_20150310001065008.jpg,143,35,425,309,0
F:\\Alan\\Documentos\\Doutorado\\Retina\\images\\gamma_correction\\train\\100586_20150310001065008_tb.jpg,143,176,425,450,0
F:\\Alan\\Documentos\\Doutorado\\Retina\\images\\gamma_correction\\train\\100591_20150316001027018.jpg,181,134,232,186,0
F:\\Alan\\Documentos\\Doutorado\\Retina\\images\\gamma_correction\\train\\100591_20150316001027018_tb.jpg,181,299,232,351,0
F:\\Alan\\Documentos\\Doutorado\\Retina\\images\\gamma_correction\\train\\100594_20150317001016012.jpg,105,149,171,210,0
F:\\Alan\\Documentos\\Doutorado\\Retina\\images\\gamma_correction\\train\\100594_20150317001016012_tb.jpg,105,275,171,336,0
F:\\Alan\\Documentos\\Doutorado\\Retina\\images\\gamma_correction\\train\\100595_20150317001016011.jpg,113,152,166,204,0
F:\\Alan\\Documentos\\Doutorado\\Retina\\images\\gamma_correction\\train\\100595_20150317001016011_tb.jpg,113,281,166,333,0
F:\\Alan\\Documentos\\Doutorado\\Retina\\images\\gamma_correction\\train\\100627_20150310001093007.jpg,311,246,376,300,0
F:\\Alan\\Documentos\\Doutorado\\Retina\\images\\gamma_correction\\train\\100627_20150310001093007_tb.jpg,311,185,376,239,0
F:\\Alan\\Documentos\\Doutorado\\Retina\\images\\gamma_correction\\train\\100629_20150310001093008.jpg,283,287,370,370,0
F:\\Alan\\Documentos\\Doutorado\\Retina\\images\\gamma_correction\\train\\100629_20150310001093008_tb.jpg,283,115,370,198,0
F:\\Alan\\Documentos\\Doutorado\\Retina\\images\\gamma_correction\\train\\100632_20150310001093016.jpg,141,155,465,397,0
F:\\Alan\\Documentos\\Doutorado\\Retina\\images\\gamma_correction\\train\\100632_20150310001093016_tb.jpg,141,88,465,330,0
F:\\Alan\\Documentos\\Doutorado\\Retina\\images\\gamma_correction\\train\\100635_20150310001093024.jpg,212,121,365,333,0
F:\\Alan\\Documentos\\Doutorado\\Retina\\images\\gamma_correction\\train\\100635_20150310001093024_tb.jpg,212,152,365,364,0
F:\\Alan\\Documentos\\Doutorado\\Retina\\images\\gamma_correction\\train\\100660_20150317001035013.jpg,106,12,298,182,0
F:\\Alan\\Documentos\\Doutorado\\Retina\\images\\gamma_correction\\train\\100660_20150317001035013_tb.jpg,106,303,298,473,0
F:\\Alan\\Documentos\\Doutorado\\Retina\\images\\gamma_correction\\train\\100661_20150317001035014.jpg,173,23,278,119,0
F:\\Alan\\Documentos\\Doutorado\\Retina\\images\\gamma_correction\\train\\100661_20150317001035014_tb.jpg,173,366,278,462,0
F:\\Alan\\Documentos\\Doutorado\\Retina\\images\\gamma_correction\\train\\100675_20150318001018007.jpg,378,246,430,336,0
F:\\Alan\\Documentos\\Doutorado\\Retina\\images\\gamma_correction\\train\\100689_20150319001010010.jpg,210,199,277,261,0
F:\\Alan\\Documentos\\Doutorado\\Retina\\images\\gamma_correction\\train\\100689_20150319001010010_tb.jpg,210,224,277,286,0
F:\\Alan\\Documentos\\Doutorado\\Retina\\images\\gamma_correction\\train\\100693_20150319001011012.jpg,122,150,182,212,0
F:\\Alan\\Documentos\\Doutorado\\Retina\\images\\gamma_correction\\train\\100693_20150319001011012_tb.jpg,122,273,182,335,0
F:\\Alan\\Documentos\\Doutorado\\Retina\\images\\gamma_correction\\train\\100700_20150316001048014.jpg,138,122,212,234,0
F:\\Alan\\Documentos\\Doutorado\\Retina\\images\\gamma_correction\\train\\100700_20150316001048014_tb.jpg,138,251,212,363,0
F:\\Alan\\Documentos\\Doutorado\\Retina\\images\\gamma_correction\\train\\100701_20150312001055005.jpg,442,105,503,173,0
F:\\Alan\\Documentos\\Doutorado\\Retina\\images\\gamma_correction\\train\\100701_20150312001055005_tb.jpg,442,312,503,380,0
F:\\Alan\\Documentos\\Doutorado\\Retina\\images\\gamma_correction\\train\\100708_20150311001067012.jpg,212,225,290,329,0
F:\\Alan\\Documentos\\Doutorado\\Retina\\images\\gamma_correction\\train\\100708_20150311001067012_tb.jpg,212,156,290,260,0
F:\\Alan\\Documentos\\Doutorado\\Retina\\images\\gamma_correction\\train\\100712_20150311001072006.jpg,55,360,111,421,0
F:\\Alan\\Documentos\\Doutorado\\Retina\\images\\gamma_correction\\train\\100712_20150311001072006_tb.jpg,55,64,111,125,0
F:\\Alan\\Documentos\\Doutorado\\Retina\\images\\gamma_correction\\train\\100713_20150311001072007.jpg,133,325,306,404,0
F:\\Alan\\Documentos\\Doutorado\\Retina\\images\\gamma_correction\\train\\100713_20150311001072007_tb.jpg,133,81,306,160,0
F:\\Alan\\Documentos\\Doutorado\\Retina\\images\\gamma_correction\\train\\100714_20150311001072008.jpg,201,367,328,428,0
F:\\Alan\\Documentos\\Doutorado\\Retina\\images\\gamma_correction\\train\\100714_20150311001072008_tb.jpg,201,57,328,118,0
F:\\Alan\\Documentos\\Doutorado\\Retina\\images\\gamma_correction\\train\\100716_20150311001073013.jpg,147,129,207,186,0
F:\\Alan\\Documentos\\Doutorado\\Retina\\images\\gamma_correction\\train\\100716_20150311001073013_tb.jpg,147,299,207,356,0
F:\\Alan\\Documentos\\Doutorado\\Retina\\images\\gamma_correction\\train\\100717_20150311001073008.jpg,76,245,155,335,0
F:\\Alan\\Documentos\\Doutorado\\Retina\\images\\gamma_correction\\train\\100717_20150311001073008_tb.jpg,76,150,155,240,0
F:\\Alan\\Documentos\\Doutorado\\Retina\\images\\gamma_correction\\train\\100723_20150311001074020.jpg,113,121,227,217,0
F:\\Alan\\Documentos\\Doutorado\\Retina\\images\\gamma_correction\\train\\100723_20150311001074020_tb.jpg,113,268,227,364,0
F:\\Alan\\Documentos\\Doutorado\\Retina\\images\\gamma_correction\\train\\100737_20150104001027010.jpg,139,267,239,371,0
F:\\Alan\\Documentos\\Doutorado\\Retina\\images\\gamma_correction\\train\\100737_20150104001027010_tb.jpg,139,114,239,218,0
F:\\Alan\\Documentos\\Doutorado\\Retina\\images\\gamma_correction\\train\\100763_20150105001022014.jpg,3,134,74,236,0
F:\\Alan\\Documentos\\Doutorado\\Retina\\images\\gamma_correction\\train\\100763_20150105001022014_tb.jpg,3,249,74,351,0
F:\\Alan\\Documentos\\Doutorado\\Retina\\images\\gamma_correction\\train\\100845_20150324001003008.jpg,179,125,349,352,0
F:\\Alan\\Documentos\\Doutorado\\Retina\\images\\gamma_correction\\train\\100858_20150323001023006.jpg,444,337,498,398,0
F:\\Alan\\Documentos\\Doutorado\\Retina\\images\\gamma_correction\\train\\100858_20150323001023006_tb.jpg,444,87,498,148,0
F:\\Alan\\Documentos\\Doutorado\\Retina\\images\\gamma_correction\\train\\100870_20150323001025012.jpg,254,361,326,426,0
F:\\Alan\\Documentos\\Doutorado\\Retina\\images\\gamma_correction\\train\\100870_20150323001025012_tb.jpg,254,59,326,124,0
F:\\Alan\\Documentos\\Doutorado\\Retina\\images\\gamma_correction\\train\\100874_20150323001026009.jpg,170,331,220,382,0
F:\\Alan\\Documentos\\Doutorado\\Retina\\images\\gamma_correction\\train\\100874_20150323001026009_tb.jpg,170,103,220,154,0
F:\\Alan\\Documentos\\Doutorado\\Retina\\images\\gamma_correction\\train\\100877_20150323001027014.jpg,236,139,333,210,0
F:\\Alan\\Documentos\\Doutorado\\Retina\\images\\gamma_correction\\train\\100877_20150323001027014_tb.jpg,236,275,333,346,0
F:\\Alan\\Documentos\\Doutorado\\Retina\\images\\gamma_correction\\train\\100943_20150326001018013.jpg,278,135,413,282,0
F:\\Alan\\Documentos\\Doutorado\\Retina\\images\\gamma_correction\\train\\100943_20150326001018013_tb.jpg,278,203,413,350,0
F:\\Alan\\Documentos\\Doutorado\\Retina\\images\\gamma_correction\\train\\100944_20150326001018014.jpg,359,102,498,274,0
F:\\Alan\\Documentos\\Doutorado\\Retina\\images\\gamma_correction\\train\\100944_20150326001018014_tb.jpg,359,211,498,383,0
F:\\Alan\\Documentos\\Doutorado\\Retina\\images\\gamma_correction\\train\\100945_20150326001018020.jpg,358,46,538,277,0
F:\\Alan\\Documentos\\Doutorado\\Retina\\images\\gamma_correction\\train\\100945_20150326001018020_tb.jpg,358,208,538,439,0
F:\\Alan\\Documentos\\Doutorado\\Retina\\images\\gamma_correction\\train\\100946_20150326001018021.jpg,361,11,545,130,0
F:\\Alan\\Documentos\\Doutorado\\Retina\\images\\gamma_correction\\train\\100946_20150326001018021_tb.jpg,361,355,545,474,0
F:\\Alan\\Documentos\\Doutorado\\Retina\\images\\gamma_correction\\train\\101040_20150325001024022.jpg,54,114,112,178,0
F:\\Alan\\Documentos\\Doutorado\\Retina\\images\\gamma_correction\\train\\101040_20150325001024022_tb.jpg,54,307,112,371,0
F:\\Alan\\Documentos\\Doutorado\\Retina\\images\\gamma_correction\\train\\101048_20150323001048013.jpg,125,374,178,424,0
F:\\Alan\\Documentos\\Doutorado\\Retina\\images\\gamma_correction\\train\\101048_20150323001048013_tb.jpg,125,61,178,111,0
F:\\Alan\\Documentos\\Doutorado\\Retina\\images\\gamma_correction\\train\\101053_20150324001033008.jpg,182,280,249,333,0
F:\\Alan\\Documentos\\Doutorado\\Retina\\images\\gamma_correction\\train\\101053_20150324001033008_tb.jpg,182,152,249,205,0
F:\\Alan\\Documentos\\Doutorado\\Retina\\images\\gamma_correction\\train\\101065_20150324001035020.jpg,361,242,516,391,0
F:\\Alan\\Documentos\\Doutorado\\Retina\\images\\gamma_correction\\train\\101065_20150324001035020_tb.jpg,361,94,516,243,0
F:\\Alan\\Documentos\\Doutorado\\Retina\\images\\gamma_correction\\train\\101067_20150327001014006.jpg,310,217,364,276,0
F:\\Alan\\Documentos\\Doutorado\\Retina\\images\\gamma_correction\\train\\101067_20150327001014006_tb.jpg,310,209,364,268,0
F:\\Alan\\Documentos\\Doutorado\\Retina\\images\\gamma_correction\\train\\101069_20150327001016002.jpg,140,189,350,298,0
F:\\Alan\\Documentos\\Doutorado\\Retina\\images\\gamma_correction\\train\\101069_20150327001016002_tb.jpg,140,187,350,296,0
F:\\Alan\\Documentos\\Doutorado\\Retina\\images\\gamma_correction\\train\\101075_20150327001016017.jpg,184,262,323,410,0
F:\\Alan\\Documentos\\Doutorado\\Retina\\images\\gamma_correction\\train\\101075_20150327001016017_tb.jpg,184,75,323,223,0
F:\\Alan\\Documentos\\Doutorado\\Retina\\images\\gamma_correction\\train\\101076_20150327001016018.jpg,121,118,318,349,0
F:\\Alan\\Documentos\\Doutorado\\Retina\\images\\gamma_correction\\train\\101076_20150327001016018_tb.jpg,121,136,318,367,0
F:\\Alan\\Documentos\\Doutorado\\Retina\\images\\gamma_correction\\train\\101080_20150323001056011.jpg,350,380,428,451,0
F:\\Alan\\Documentos\\Doutorado\\Retina\\images\\gamma_correction\\train\\101080_20150323001056011_tb.jpg,350,34,428,105,0
F:\\Alan\\Documentos\\Doutorado\\Retina\\images\\gamma_correction\\train\\101083_20150323001056017.jpg,140,151,193,218,0
F:\\Alan\\Documentos\\Doutorado\\Retina\\images\\gamma_correction\\train\\101083_20150323001056017_tb.jpg,140,267,193,334,0
F:\\Alan\\Documentos\\Doutorado\\Retina\\images\\gamma_correction\\train\\101093_20150330001010017.jpg,159,103,272,195,0
F:\\Alan\\Documentos\\Doutorado\\Retina\\images\\gamma_correction\\train\\101093_20150330001010017_tb.jpg,159,290,272,382,0
F:\\Alan\\Documentos\\Doutorado\\Retina\\images\\gamma_correction\\train\\101094_20150330001010018.jpg,176,165,290,277,0
F:\\Alan\\Documentos\\Doutorado\\Retina\\images\\gamma_correction\\train\\101094_20150330001010018_tb.jpg,176,208,290,320,0
F:\\Alan\\Documentos\\Doutorado\\Retina\\images\\gamma_correction\\train\\101101_20150323001059016.jpg,218,280,322,347,0
F:\\Alan\\Documentos\\Doutorado\\Retina\\images\\gamma_correction\\train\\101101_20150323001059016_tb.jpg,218,138,322,205,0
F:\\Alan\\Documentos\\Doutorado\\Retina\\images\\gamma_correction\\train\\101106_20150324001062009.jpg,119,171,181,243,0
F:\\Alan\\Documentos\\Doutorado\\Retina\\images\\gamma_correction\\train\\101106_20150324001062009_tb.jpg,119,242,181,314,0
F:\\Alan\\Documentos\\Doutorado\\Retina\\images\\gamma_correction\\train\\101114_20150326001062009.jpg,235,361,335,432,0
F:\\Alan\\Documentos\\Doutorado\\Retina\\images\\gamma_correction\\train\\101114_20150326001062009_tb.jpg,235,53,335,124,0
F:\\Alan\\Documentos\\Doutorado\\Retina\\images\\gamma_correction\\train\\101115_20150326001062010.jpg,194,199,262,259,0
F:\\Alan\\Documentos\\Doutorado\\Retina\\images\\gamma_correction\\train\\101115_20150326001062010_tb.jpg,194,226,262,286,0
F:\\Alan\\Documentos\\Doutorado\\Retina\\images\\gamma_correction\\train\\101116_20150323001100012.jpg,120,239,238,331,0
F:\\Alan\\Documentos\\Doutorado\\Retina\\images\\gamma_correction\\train\\101116_20150323001100012_tb.jpg,120,154,238,246,0
F:\\Alan\\Documentos\\Doutorado\\Retina\\images\\gamma_correction\\train\\101117_20150323001100013.jpg,118,159,215,226,0
F:\\Alan\\Documentos\\Doutorado\\Retina\\images\\gamma_correction\\train\\101117_20150323001100013_tb.jpg,118,259,215,326,0
F:\\Alan\\Documentos\\Doutorado\\Retina\\images\\gamma_correction\\train\\101120_20150330001023019.jpg,424,196,475,255,0
F:\\Alan\\Documentos\\Doutorado\\Retina\\images\\gamma_correction\\train\\101120_20150330001023019_tb.jpg,424,230,475,289,0
F:\\Alan\\Documentos\\Doutorado\\Retina\\images\\gamma_correction\\train\\101125_20150330001023008.jpg,235,199,309,275,0
F:\\Alan\\Documentos\\Doutorado\\Retina\\images\\gamma_correction\\train\\101127_20150330001023024.jpg,243,254,312,328,0
F:\\Alan\\Documentos\\Doutorado\\Retina\\images\\gamma_correction\\train\\101127_20150330001023024_tb.jpg,243,157,312,231,0
F:\\Alan\\Documentos\\Doutorado\\Retina\\images\\gamma_correction\\train\\101128_20150325001048003.jpg,258,35,388,156,0
F:\\Alan\\Documentos\\Doutorado\\Retina\\images\\gamma_correction\\train\\101128_20150325001048003_tb.jpg,258,329,388,450,0
F:\\Alan\\Documentos\\Doutorado\\Retina\\images\\gamma_correction\\train\\101129_20150325001048008.jpg,328,290,409,383,0
F:\\Alan\\Documentos\\Doutorado\\Retina\\images\\gamma_correction\\train\\101129_20150325001048008_tb.jpg,328,102,409,195,0
F:\\Alan\\Documentos\\Doutorado\\Retina\\images\\gamma_correction\\train\\101131_20150325001048012.jpg,143,364,301,427,0
F:\\Alan\\Documentos\\Doutorado\\Retina\\images\\gamma_correction\\train\\101131_20150325001048012_tb.jpg,143,58,301,121,0
F:\\Alan\\Documentos\\Doutorado\\Retina\\images\\gamma_correction\\train\\101133_20150324001070022.jpg,143,52,243,155,0
F:\\Alan\\Documentos\\Doutorado\\Retina\\images\\gamma_correction\\train\\101133_20150324001070022_tb.jpg,143,330,243,433,0
F:\\Alan\\Documentos\\Doutorado\\Retina\\images\\gamma_correction\\train\\101134_20150324001084008.jpg,145,212,203,276,0
F:\\Alan\\Documentos\\Doutorado\\Retina\\images\\gamma_correction\\train\\101134_20150324001084008_tb.jpg,145,209,203,273,0
F:\\Alan\\Documentos\\Doutorado\\Retina\\images\\gamma_correction\\train\\101136_20150324001084027.jpg,212,209,270,264,0
F:\\Alan\\Documentos\\Doutorado\\Retina\\images\\gamma_correction\\train\\101136_20150324001084027_tb.jpg,212,221,270,276,0
F:\\Alan\\Documentos\\Doutorado\\Retina\\images\\gamma_correction\\train\\101137_20150325001053010.jpg,82,60,156,172,0
F:\\Alan\\Documentos\\Doutorado\\Retina\\images\\gamma_correction\\train\\101137_20150325001053010_tb.jpg,82,313,156,425,0
F:\\Alan\\Documentos\\Doutorado\\Retina\\images\\gamma_correction\\train\\101138_20150325001053015.jpg,81,349,264,410,0
F:\\Alan\\Documentos\\Doutorado\\Retina\\images\\gamma_correction\\train\\101141_20150324001093008.jpg,343,159,405,225,0
F:\\Alan\\Documentos\\Doutorado\\Retina\\images\\gamma_correction\\train\\101143_20150324001096008.jpg,116,125,248,191,0
F:\\Alan\\Documentos\\Doutorado\\Retina\\images\\gamma_correction\\train\\101143_20150324001096008_tb.jpg,116,294,248,360,0
F:\\Alan\\Documentos\\Doutorado\\Retina\\images\\gamma_correction\\train\\101144_20150324001096009.jpg,182,128,309,193,0
F:\\Alan\\Documentos\\Doutorado\\Retina\\images\\gamma_correction\\train\\101144_20150324001096009_tb.jpg,182,292,309,357,0
F:\\Alan\\Documentos\\Doutorado\\Retina\\images\\gamma_correction\\train\\101148_20150330001035011.jpg,148,365,241,425,0
F:\\Alan\\Documentos\\Doutorado\\Retina\\images\\gamma_correction\\train\\101148_20150330001035011_tb.jpg,148,60,241,120,0
F:\\Alan\\Documentos\\Doutorado\\Retina\\images\\gamma_correction\\train\\101149_20150330001035014.jpg,372,180,432,259,0
F:\\Alan\\Documentos\\Doutorado\\Retina\\images\\gamma_correction\\train\\101149_20150330001035014_tb.jpg,372,226,432,305,0
F:\\Alan\\Documentos\\Doutorado\\Retina\\images\\gamma_correction\\train\\101153_20150330001037012.jpg,281,305,342,358,0
F:\\Alan\\Documentos\\Doutorado\\Retina\\images\\gamma_correction\\train\\101153_20150330001037012_tb.jpg,281,127,342,180,0
F:\\Alan\\Documentos\\Doutorado\\Retina\\images\\gamma_correction\\train\\101156_20150325001066012.jpg,216,357,273,408,0
F:\\Alan\\Documentos\\Doutorado\\Retina\\images\\gamma_correction\\train\\101156_20150325001066012_tb.jpg,216,77,273,128,0
F:\\Alan\\Documentos\\Doutorado\\Retina\\images\\gamma_correction\\train\\101157_20150325001090029.jpg,349,258,501,388,0
F:\\Alan\\Documentos\\Doutorado\\Retina\\images\\gamma_correction\\train\\101157_20150325001090029_tb.jpg,349,97,501,227,0
F:\\Alan\\Documentos\\Doutorado\\Retina\\images\\gamma_correction\\train\\101163_20150325001094005.jpg,129,147,225,240,0
F:\\Alan\\Documentos\\Doutorado\\Retina\\images\\gamma_correction\\train\\101163_20150325001094005_tb.jpg,129,245,225,338,0
F:\\Alan\\Documentos\\Doutorado\\Retina\\images\\gamma_correction\\train\\101168_20150325001100007.jpg,320,101,477,238,0
F:\\Alan\\Documentos\\Doutorado\\Retina\\images\\gamma_correction\\train\\101168_20150325001100007_tb.jpg,320,247,477,384,0
F:\\Alan\\Documentos\\Doutorado\\Retina\\images\\gamma_correction\\train\\101169_20150325001100009.jpg,285,249,387,334,0
F:\\Alan\\Documentos\\Doutorado\\Retina\\images\\gamma_correction\\train\\101169_20150325001100009_tb.jpg,285,151,387,236,0
F:\\Alan\\Documentos\\Doutorado\\Retina\\images\\gamma_correction\\train\\101173_20150330001044014.jpg,100,188,213,280,0
F:\\Alan\\Documentos\\Doutorado\\Retina\\images\\gamma_correction\\train\\101173_20150330001044014_tb.jpg,100,205,213,297,0
F:\\Alan\\Documentos\\Doutorado\\Retina\\images\\gamma_correction\\train\\101177_20150330001047019.jpg,82,275,177,351,0
F:\\Alan\\Documentos\\Doutorado\\Retina\\images\\gamma_correction\\train\\101177_20150330001047019_tb.jpg,82,134,177,210,0
F:\\Alan\\Documentos\\Doutorado\\Retina\\images\\gamma_correction\\train\\101178_20150330001047020.jpg,134,344,224,415,0
F:\\Alan\\Documentos\\Doutorado\\Retina\\images\\gamma_correction\\train\\101178_20150330001047020_tb.jpg,134,70,224,141,0
F:\\Alan\\Documentos\\Doutorado\\Retina\\images\\gamma_correction\\train\\101188_20150326001084012.jpg,157,177,290,258,0
F:\\Alan\\Documentos\\Doutorado\\Retina\\images\\gamma_correction\\train\\101188_20150326001084012_tb.jpg,157,227,290,308,0
F:\\Alan\\Documentos\\Doutorado\\Retina\\images\\gamma_correction\\train\\101189_20150326001092015.jpg,157,258,354,408,0
F:\\Alan\\Documentos\\Doutorado\\Retina\\images\\gamma_correction\\train\\101189_20150326001092015_tb.jpg,157,77,354,227,0
F:\\Alan\\Documentos\\Doutorado\\Retina\\images\\gamma_correction\\train\\101190_20150326001092016.jpg,68,353,151,404,0
F:\\Alan\\Documentos\\Doutorado\\Retina\\images\\gamma_correction\\train\\101190_20150326001092016.jpg,396,426,453,478,0
F:\\Alan\\Documentos\\Doutorado\\Retina\\images\\gamma_correction\\train\\101190_20150326001092016_tb.jpg,68,81,151,132,0
F:\\Alan\\Documentos\\Doutorado\\Retina\\images\\gamma_correction\\train\\101190_20150326001092016_tb.jpg,396,7,453,59,0
F:\\Alan\\Documentos\\Doutorado\\Retina\\images\\gamma_correction\\train\\101195_20150330001055017.jpg,402,256,456,327,0
F:\\Alan\\Documentos\\Doutorado\\Retina\\images\\gamma_correction\\train\\101195_20150330001055017_tb.jpg,402,158,456,229,0
F:\\Alan\\Documentos\\Doutorado\\Retina\\images\\gamma_correction\\train\\101196_20150330001061007.jpg,199,354,251,408,0
F:\\Alan\\Documentos\\Doutorado\\Retina\\images\\gamma_correction\\train\\101196_20150330001061007_tb.jpg,199,77,251,131,0
F:\\Alan\\Documentos\\Doutorado\\Retina\\images\\gamma_correction\\train\\101207_20150330001080003.jpg,269,280,352,354,0
F:\\Alan\\Documentos\\Doutorado\\Retina\\images\\gamma_correction\\train\\101208_20150330001080004.jpg,76,231,144,288,0
F:\\Alan\\Documentos\\Doutorado\\Retina\\images\\gamma_correction\\train\\101208_20150330001080004_tb.jpg,76,197,144,254,0
F:\\Alan\\Documentos\\Doutorado\\Retina\\images\\gamma_correction\\train\\101211_20150330001080015.jpg,65,182,122,240,0
F:\\Alan\\Documentos\\Doutorado\\Retina\\images\\gamma_correction\\train\\101211_20150330001080015_tb.jpg,65,245,122,303,0
F:\\Alan\\Documentos\\Doutorado\\Retina\\images\\gamma_correction\\train\\101212_20150330001089018.jpg,57,357,155,449,0
F:\\Alan\\Documentos\\Doutorado\\Retina\\images\\gamma_correction\\train\\101213_20150330001089019.jpg,72,290,158,372,0
F:\\Alan\\Documentos\\Doutorado\\Retina\\images\\gamma_correction\\train\\101213_20150330001089019_tb.jpg,72,113,158,195,0
F:\\Alan\\Documentos\\Doutorado\\Retina\\images\\gamma_correction\\train\\101218_20150330001103017.jpg,119,304,191,381,0
F:\\Alan\\Documentos\\Doutorado\\Retina\\images\\gamma_correction\\train\\101218_20150330001103017_tb.jpg,119,104,191,181,0
F:\\Alan\\Documentos\\Doutorado\\Retina\\images\\gamma_correction\\train\\101219_20150330001103018.jpg,232,250,305,337,0
F:\\Alan\\Documentos\\Doutorado\\Retina\\images\\gamma_correction\\train\\101219_20150330001103018_tb.jpg,232,148,305,235,0
F:\\Alan\\Documentos\\Doutorado\\Retina\\images\\gamma_correction\\train\\101813_20150312001047014.jpg,91,28,353,131,0
F:\\Alan\\Documentos\\Doutorado\\Retina\\images\\gamma_correction\\train\\101813_20150312001047014_tb.jpg,91,354,353,457,0
F:\\Alan\\Documentos\\Doutorado\\Retina\\images\\gamma_correction\\train\\101836_20150408001058011.jpg,68,178,142,256,0
F:\\Alan\\Documentos\\Doutorado\\Retina\\images\\gamma_correction\\train\\101836_20150408001058011_tb.jpg,68,229,142,307,0
F:\\Alan\\Documentos\\Doutorado\\Retina\\images\\gamma_correction\\train\\101837_20150408001058012.jpg,217,356,297,414,0
F:\\Alan\\Documentos\\Doutorado\\Retina\\images\\gamma_correction\\train\\101837_20150408001058012_tb.jpg,217,71,297,129,0
F:\\Alan\\Documentos\\Doutorado\\Retina\\images\\gamma_correction\\train\\101839_20150408001067001.jpg,204,320,372,438,0
F:\\Alan\\Documentos\\Doutorado\\Retina\\images\\gamma_correction\\train\\101839_20150408001067001_tb.jpg,204,47,372,165,0
F:\\Alan\\Documentos\\Doutorado\\Retina\\images\\gamma_correction\\train\\101840_20150408001067006.jpg,219,312,333,420,0
F:\\Alan\\Documentos\\Doutorado\\Retina\\images\\gamma_correction\\train\\101840_20150408001067006_tb.jpg,219,65,333,173,0
F:\\Alan\\Documentos\\Doutorado\\Retina\\images\\gamma_correction\\train\\101841_20150408001067010.jpg,205,242,407,408,0
F:\\Alan\\Documentos\\Doutorado\\Retina\\images\\gamma_correction\\train\\101844_20150408001086006.jpg,29,234,109,298,0
F:\\Alan\\Documentos\\Doutorado\\Retina\\images\\gamma_correction\\train\\101844_20150408001086006_tb.jpg,29,187,109,251,0
F:\\Alan\\Documentos\\Doutorado\\Retina\\images\\gamma_correction\\train\\101845_20150408001086011.jpg,142,166,206,256,0
F:\\Alan\\Documentos\\Doutorado\\Retina\\images\\gamma_correction\\train\\101845_20150408001086011_tb.jpg,142,229,206,319,0
F:\\Alan\\Documentos\\Doutorado\\Retina\\images\\gamma_correction\\train\\101847_20150408001086021.jpg,6,46,126,160,0
F:\\Alan\\Documentos\\Doutorado\\Retina\\images\\gamma_correction\\train\\101847_20150408001086021.jpg,154,132,236,194,0
F:\\Alan\\Documentos\\Doutorado\\Retina\\images\\gamma_correction\\train\\101848_20150414001020005.jpg,68,232,130,300,0
F:\\Alan\\Documentos\\Doutorado\\Retina\\images\\gamma_correction\\train\\101848_20150414001020005_tb.jpg,68,185,130,253,0
F:\\Alan\\Documentos\\Doutorado\\Retina\\images\\gamma_correction\\train\\101852_20150408001088004.jpg,15,88,99,172,0
F:\\Alan\\Documentos\\Doutorado\\Retina\\images\\gamma_correction\\train\\101852_20150408001088004_tb.jpg,15,313,99,397,0
F:\\Alan\\Documentos\\Doutorado\\Retina\\images\\gamma_correction\\train\\101853_20150408001088006.jpg,119,122,197,220,0
F:\\Alan\\Documentos\\Doutorado\\Retina\\images\\gamma_correction\\train\\101854_20150408001088007.jpg,104,142,174,224,0
F:\\Alan\\Documentos\\Doutorado\\Retina\\images\\gamma_correction\\train\\101855_20150408001088008.jpg,13,120,89,220,0
F:\\Alan\\Documentos\\Doutorado\\Retina\\images\\gamma_correction\\train\\101855_20150408001088008.jpg,289,226,365,320,0
F:\\Alan\\Documentos\\Doutorado\\Retina\\images\\gamma_correction\\train\\101855_20150408001088008_tb.jpg,13,265,89,365,0
F:\\Alan\\Documentos\\Doutorado\\Retina\\images\\gamma_correction\\train\\101855_20150408001088008_tb.jpg,289,165,365,259,0
F:\\Alan\\Documentos\\Doutorado\\Retina\\images\\gamma_correction\\train\\101856_20150408001096002.jpg,187,82,275,178,0
F:\\Alan\\Documentos\\Doutorado\\Retina\\images\\gamma_correction\\train\\101856_20150408001096002_tb.jpg,187,307,275,403,0
F:\\Alan\\Documentos\\Doutorado\\Retina\\images\\gamma_correction\\train\\101858_20150408001096019.jpg,46,258,100,332,0
F:\\Alan\\Documentos\\Doutorado\\Retina\\images\\gamma_correction\\train\\101858_20150408001096019_tb.jpg,46,153,100,227,0
F:\\Alan\\Documentos\\Doutorado\\Retina\\images\\gamma_correction\\train\\101859_20150408001096020.jpg,333,102,445,216,0
F:\\Alan\\Documentos\\Doutorado\\Retina\\images\\gamma_correction\\train\\101859_20150408001096020_tb.jpg,333,269,445,383,0
F:\\Alan\\Documentos\\Doutorado\\Retina\\images\\gamma_correction\\train\\101862_20150415001030006.jpg,223,42,321,144,0
F:\\Alan\\Documentos\\Doutorado\\Retina\\images\\gamma_correction\\train\\101862_20150415001030006_tb.jpg,223,341,321,443,0
F:\\Alan\\Documentos\\Doutorado\\Retina\\images\\gamma_correction\\train\\101863_20150415001030007.jpg,270,8,358,62,0
F:\\Alan\\Documentos\\Doutorado\\Retina\\images\\gamma_correction\\train\\101863_20150415001030007_tb.jpg,270,423,358,477,0
F:\\Alan\\Documentos\\Doutorado\\Retina\\images\\gamma_correction\\train\\101866_20150415001030038.jpg,127,36,239,156,0
F:\\Alan\\Documentos\\Doutorado\\Retina\\images\\gamma_correction\\train\\101866_20150415001030038_tb.jpg,127,329,239,449,0
F:\\Alan\\Documentos\\Doutorado\\Retina\\images\\gamma_correction\\train\\101867_20150415001030037.jpg,328,10,446,184,0
F:\\Alan\\Documentos\\Doutorado\\Retina\\images\\gamma_correction\\train\\101867_20150415001030037_tb.jpg,328,301,446,475,0
F:\\Alan\\Documentos\\Doutorado\\Retina\\images\\gamma_correction\\train\\101868_20150416001005006.jpg,109,218,193,318,0
F:\\Alan\\Documentos\\Doutorado\\Retina\\images\\gamma_correction\\train\\101868_20150416001005006_tb.jpg,109,167,193,267,0
F:\\Alan\\Documentos\\Doutorado\\Retina\\images\\gamma_correction\\train\\101869_20150410001050009.jpg,60,138,134,228,0
F:\\Alan\\Documentos\\Doutorado\\Retina\\images\\gamma_correction\\train\\101870_20150410001050013.jpg,38,50,106,140,0
F:\\Alan\\Documentos\\Doutorado\\Retina\\images\\gamma_correction\\train\\101870_20150410001050013_tb.jpg,38,345,106,435,0
F:\\Alan\\Documentos\\Doutorado\\Retina\\images\\gamma_correction\\train\\101873_20150409001096015.jpg,481,176,542,270,0
F:\\Alan\\Documentos\\Doutorado\\Retina\\images\\gamma_correction\\train\\101875_20150409001096019.jpg,97,186,195,237,0
F:\\Alan\\Documentos\\Doutorado\\Retina\\images\\gamma_correction\\train\\101875_20150409001096019_tb.jpg,97,248,195,299,0
F:\\Alan\\Documentos\\Doutorado\\Retina\\images\\gamma_correction\\train\\101878_20150410001062010.jpg,172,204,237,281,0
F:\\Alan\\Documentos\\Doutorado\\Retina\\images\\gamma_correction\\train\\101878_20150410001062010_tb.jpg,172,204,237,281,0
F:\\Alan\\Documentos\\Doutorado\\Retina\\images\\gamma_correction\\train\\101884_20150414001038014.jpg,65,145,141,228,0
F:\\Alan\\Documentos\\Doutorado\\Retina\\images\\gamma_correction\\train\\101884_20150414001038014_tb.jpg,65,257,141,340,0
F:\\Alan\\Documentos\\Doutorado\\Retina\\images\\gamma_correction\\train\\101885_20150414001038015.jpg,358,126,418,190,0
F:\\Alan\\Documentos\\Doutorado\\Retina\\images\\gamma_correction\\train\\101885_20150414001038015_tb.jpg,358,295,418,359,0
F:\\Alan\\Documentos\\Doutorado\\Retina\\images\\gamma_correction\\train\\101889_20150113001001002.jpg,170,141,286,230,0
F:\\Alan\\Documentos\\Doutorado\\Retina\\images\\gamma_correction\\train\\101889_20150113001001002.jpg,319,118,421,216,0
F:\\Alan\\Documentos\\Doutorado\\Retina\\images\\gamma_correction\\train\\101889_20150113001001002_tb.jpg,170,255,286,344,0
F:\\Alan\\Documentos\\Doutorado\\Retina\\images\\gamma_correction\\train\\101889_20150113001001002_tb.jpg,319,269,421,367,0
F:\\Alan\\Documentos\\Doutorado\\Retina\\images\\gamma_correction\\train\\101993_20150410001084006.jpg,228,328,344,397,0
F:\\Alan\\Documentos\\Doutorado\\Retina\\images\\gamma_correction\\train\\101993_20150410001084006_tb.jpg,228,88,344,157,0
F:\\Alan\\Documentos\\Doutorado\\Retina\\images\\gamma_correction\\train\\101994_20150410001084007.jpg,339,309,422,399,0
F:\\Alan\\Documentos\\Doutorado\\Retina\\images\\gamma_correction\\train\\101994_20150410001084007_tb.jpg,339,86,422,176,0
F:\\Alan\\Documentos\\Doutorado\\Retina\\images\\gamma_correction\\train\\101996_20150410001084021.jpg,267,256,395,354,0
F:\\Alan\\Documentos\\Doutorado\\Retina\\images\\gamma_correction\\train\\101996_20150410001084021_tb.jpg,267,131,395,229,0
F:\\Alan\\Documentos\\Doutorado\\Retina\\images\\gamma_correction\\train\\102172_20150507001030015.jpg,146,215,217,277,0
F:\\Alan\\Documentos\\Doutorado\\Retina\\images\\gamma_correction\\train\\102172_20150507001030015_tb.jpg,146,208,217,270,0
F:\\Alan\\Documentos\\Doutorado\\Retina\\images\\gamma_correction\\train\\102185_20150504001062013.jpg,208,186,323,295,0
F:\\Alan\\Documentos\\Doutorado\\Retina\\images\\gamma_correction\\train\\102185_20150504001062013_tb.jpg,208,190,323,299,0
F:\\Alan\\Documentos\\Doutorado\\Retina\\images\\gamma_correction\\train\\102186_20150504001062014.jpg,71,117,197,205,0
F:\\Alan\\Documentos\\Doutorado\\Retina\\images\\gamma_correction\\train\\102186_20150504001062014_tb.jpg,71,280,197,368,0
F:\\Alan\\Documentos\\Doutorado\\Retina\\images\\gamma_correction\\train\\102196_20150429001090024.jpg,120,339,180,403,0
F:\\Alan\\Documentos\\Doutorado\\Retina\\images\\gamma_correction\\train\\102196_20150429001090024_tb.jpg,120,82,180,146,0
F:\\Alan\\Documentos\\Doutorado\\Retina\\images\\gamma_correction\\train\\102231_20150504001072007.jpg,275,334,355,403,0
F:\\Alan\\Documentos\\Doutorado\\Retina\\images\\gamma_correction\\train\\102231_20150504001072007_tb.jpg,275,82,355,151,0
F:\\Alan\\Documentos\\Doutorado\\Retina\\images\\gamma_correction\\train\\102257_20150505001086001.jpg,87,126,246,254,0
F:\\Alan\\Documentos\\Doutorado\\Retina\\images\\gamma_correction\\train\\102257_20150505001086001_tb.jpg,87,231,246,359,0
F:\\Alan\\Documentos\\Doutorado\\Retina\\images\\gamma_correction\\train\\102316_20150618001032003.jpg,106,186,232,270,0
F:\\Alan\\Documentos\\Doutorado\\Retina\\images\\gamma_correction\\train\\102316_20150618001032003_tb.jpg,106,215,232,299,0
F:\\Alan\\Documentos\\Doutorado\\Retina\\images\\gamma_correction\\train\\102317_20150618001032010.jpg,185,46,321,151,0
F:\\Alan\\Documentos\\Doutorado\\Retina\\images\\gamma_correction\\train\\102317_20150618001032010.jpg,344,113,426,198,0
F:\\Alan\\Documentos\\Doutorado\\Retina\\images\\gamma_correction\\train\\102317_20150618001032010_tb.jpg,185,334,321,439,0
F:\\Alan\\Documentos\\Doutorado\\Retina\\images\\gamma_correction\\train\\102317_20150618001032010_tb.jpg,344,287,426,372,0
F:\\Alan\\Documentos\\Doutorado\\Retina\\images\\gamma_correction\\train\\102318_20150618001032009.jpg,84,45,242,186,0
F:\\Alan\\Documentos\\Doutorado\\Retina\\images\\gamma_correction\\train\\102318_20150618001032009.jpg,334,155,453,271,0
F:\\Alan\\Documentos\\Doutorado\\Retina\\images\\gamma_correction\\train\\102318_20150618001032009_tb.jpg,84,299,242,440,0
F:\\Alan\\Documentos\\Doutorado\\Retina\\images\\gamma_correction\\train\\102318_20150618001032009_tb.jpg,334,214,453,330,0
F:\\Alan\\Documentos\\Doutorado\\Retina\\images\\gamma_correction\\train\\102319_20150618001032011.jpg,53,41,182,142,0
F:\\Alan\\Documentos\\Doutorado\\Retina\\images\\gamma_correction\\train\\102319_20150618001032011_tb.jpg,53,343,182,444,0
F:\\Alan\\Documentos\\Doutorado\\Retina\\images\\gamma_correction\\train\\102320_20150618001032012.jpg,78,104,232,242,0
F:\\Alan\\Documentos\\Doutorado\\Retina\\images\\gamma_correction\\train\\102320_20150618001032012_tb.jpg,78,243,232,381,0
F:\\Alan\\Documentos\\Doutorado\\Retina\\images\\gamma_correction\\train\\102321_20150615001088026.jpg,64,134,145,213,0
F:\\Alan\\Documentos\\Doutorado\\Retina\\images\\gamma_correction\\train\\102321_20150615001088026_tb.jpg,64,272,145,351,0
F:\\Alan\\Documentos\\Doutorado\\Retina\\images\\gamma_correction\\train\\102325_20150615001097022.jpg,333,339,416,417,0
F:\\Alan\\Documentos\\Doutorado\\Retina\\images\\gamma_correction\\train\\102325_20150615001097022_tb.jpg,333,68,416,146,0
F:\\Alan\\Documentos\\Doutorado\\Retina\\images\\gamma_correction\\train\\102328_20150615001097028.jpg,264,66,418,214,0
F:\\Alan\\Documentos\\Doutorado\\Retina\\images\\gamma_correction\\train\\102328_20150615001097028_tb.jpg,264,271,418,419,0
F:\\Alan\\Documentos\\Doutorado\\Retina\\images\\gamma_correction\\train\\102329_20150619001036014.jpg,413,182,485,261,0
F:\\Alan\\Documentos\\Doutorado\\Retina\\images\\gamma_correction\\train\\102329_20150619001036014_tb.jpg,413,224,485,303,0
F:\\Alan\\Documentos\\Doutorado\\Retina\\images\\gamma_correction\\train\\102330_20150617001043000.jpg,325,309,404,380,0
F:\\Alan\\Documentos\\Doutorado\\Retina\\images\\gamma_correction\\train\\102330_20150617001043000_tb.jpg,325,105,404,176,0
F:\\Alan\\Documentos\\Doutorado\\Retina\\images\\gamma_correction\\train\\102331_20150618001037005.jpg,89,130,170,200,0
F:\\Alan\\Documentos\\Doutorado\\Retina\\images\\gamma_correction\\train\\102331_20150618001037005_tb.jpg,89,285,170,355,0
F:\\Alan\\Documentos\\Doutorado\\Retina\\images\\gamma_correction\\train\\102332_20150618001037014.jpg,378,153,452,220,0
F:\\Alan\\Documentos\\Doutorado\\Retina\\images\\gamma_correction\\train\\102332_20150618001037014_tb.jpg,378,265,452,332,0
F:\\Alan\\Documentos\\Doutorado\\Retina\\images\\gamma_correction\\train\\102333_20150618001037013.jpg,108,67,261,166,0
F:\\Alan\\Documentos\\Doutorado\\Retina\\images\\gamma_correction\\train\\102333_20150618001037013_tb.jpg,108,319,261,418,0
F:\\Alan\\Documentos\\Doutorado\\Retina\\images\\gamma_correction\\train\\102337_20150617001053004.jpg,361,392,433,466,0
F:\\Alan\\Documentos\\Doutorado\\Retina\\images\\gamma_correction\\train\\102337_20150617001053004_tb.jpg,361,19,433,93,0
F:\\Alan\\Documentos\\Doutorado\\Retina\\images\\gamma_correction\\train\\102338_20150617001053010.jpg,28,168,82,236,0
F:\\Alan\\Documentos\\Doutorado\\Retina\\images\\gamma_correction\\train\\102338_20150617001053010_tb.jpg,28,249,82,317,0
F:\\Alan\\Documentos\\Doutorado\\Retina\\images\\gamma_correction\\train\\102339_20150707001005002.jpg,90,92,154,161,0
F:\\Alan\\Documentos\\Doutorado\\Retina\\images\\gamma_correction\\train\\102339_20150707001005002_tb.jpg,90,324,154,393,0
F:\\Alan\\Documentos\\Doutorado\\Retina\\images\\gamma_correction\\train\\102341_20150721001001004.jpg,337,197,402,267,0
F:\\Alan\\Documentos\\Doutorado\\Retina\\images\\gamma_correction\\train\\102341_20150721001001004_tb.jpg,337,218,402,288,0
F:\\Alan\\Documentos\\Doutorado\\Retina\\images\\gamma_correction\\train\\102342_20150721001001005.jpg,327,192,405,280,0
F:\\Alan\\Documentos\\Doutorado\\Retina\\images\\gamma_correction\\train\\102342_20150721001001005_tb.jpg,327,205,405,293,0
F:\\Alan\\Documentos\\Doutorado\\Retina\\images\\gamma_correction\\train\\102343_20150721001001006.jpg,313,210,392,279,0
F:\\Alan\\Documentos\\Doutorado\\Retina\\images\\gamma_correction\\train\\102343_20150721001001006_tb.jpg,313,206,392,275,0
F:\\Alan\\Documentos\\Doutorado\\Retina\\images\\gamma_correction\\train\\102345_20150622001025004.jpg,311,93,366,143,0
F:\\Alan\\Documentos\\Doutorado\\Retina\\images\\gamma_correction\\train\\102345_20150622001025004_tb.jpg,311,342,366,392,0
F:\\Alan\\Documentos\\Doutorado\\Retina\\images\\gamma_correction\\train\\102346_20150623001022016.jpg,225,423,319,481,0
F:\\Alan\\Documentos\\Doutorado\\Retina\\images\\gamma_correction\\train\\102346_20150623001022016_tb.jpg,225,4,319,62,0
F:\\Alan\\Documentos\\Doutorado\\Retina\\images\\gamma_correction\\train\\102350_20150703001007005.jpg,199,292,356,440,0
F:\\Alan\\Documentos\\Doutorado\\Retina\\images\\gamma_correction\\train\\102350_20150703001007005_tb.jpg,199,45,356,193,0
F:\\Alan\\Documentos\\Doutorado\\Retina\\images\\gamma_correction\\train\\102351_20150703001007006.jpg,111,155,276,329,0
F:\\Alan\\Documentos\\Doutorado\\Retina\\images\\gamma_correction\\train\\102351_20150703001007006_tb.jpg,111,156,276,330,0
F:\\Alan\\Documentos\\Doutorado\\Retina\\images\\gamma_correction\\train\\102352_20150703001007009.jpg,44,83,155,185,0
F:\\Alan\\Documentos\\Doutorado\\Retina\\images\\gamma_correction\\train\\102352_20150703001007009_tb.jpg,44,300,155,402,0
F:\\Alan\\Documentos\\Doutorado\\Retina\\images\\gamma_correction\\train\\102353_20150703001007010.jpg,183,123,302,220,0
F:\\Alan\\Documentos\\Doutorado\\Retina\\images\\gamma_correction\\train\\102353_20150703001007010_tb.jpg,183,265,302,362,0
F:\\Alan\\Documentos\\Doutorado\\Retina\\images\\gamma_correction\\train\\102356_20150618001059010.jpg,469,323,532,380,0
F:\\Alan\\Documentos\\Doutorado\\Retina\\images\\gamma_correction\\train\\102356_20150618001059010_tb.jpg,469,105,532,162,0
F:\\Alan\\Documentos\\Doutorado\\Retina\\images\\gamma_correction\\train\\102357_20150618001079011.jpg,168,282,246,361,0
F:\\Alan\\Documentos\\Doutorado\\Retina\\images\\gamma_correction\\train\\102357_20150618001079011_tb.jpg,168,124,246,203,0
F:\\Alan\\Documentos\\Doutorado\\Retina\\images\\gamma_correction\\train\\102358_20150428001009010.jpg,394,170,471,279,0
F:\\Alan\\Documentos\\Doutorado\\Retina\\images\\gamma_correction\\train\\102358_20150428001009010_tb.jpg,394,206,471,315,0
F:\\Alan\\Documentos\\Doutorado\\Retina\\images\\gamma_correction\\train\\102365_20150416001081007.jpg,47,124,104,194,0
F:\\Alan\\Documentos\\Doutorado\\Retina\\images\\gamma_correction\\train\\102365_20150416001081007_tb.jpg,47,291,104,361,0
F:\\Alan\\Documentos\\Doutorado\\Retina\\images\\gamma_correction\\train\\102366_20150416001081015.jpg,119,87,174,147,0
F:\\Alan\\Documentos\\Doutorado\\Retina\\images\\gamma_correction\\train\\102366_20150416001081015_tb.jpg,119,338,174,398,0
F:\\Alan\\Documentos\\Doutorado\\Retina\\images\\gamma_correction\\train\\102370_20150428001010008.jpg,307,304,384,377,0
F:\\Alan\\Documentos\\Doutorado\\Retina\\images\\gamma_correction\\train\\102370_20150428001010008_tb.jpg,307,108,384,181,0
F:\\Alan\\Documentos\\Doutorado\\Retina\\images\\gamma_correction\\train\\102373_20150505001001005.jpg,272,307,325,358,0
F:\\Alan\\Documentos\\Doutorado\\Retina\\images\\gamma_correction\\train\\102374_20150505001001007.jpg,6,294,89,362,0
F:\\Alan\\Documentos\\Doutorado\\Retina\\images\\gamma_correction\\train\\102374_20150505001001007.jpg,19,249,87,302,0
F:\\Alan\\Documentos\\Doutorado\\Retina\\images\\gamma_correction\\train\\102374_20150505001001007.jpg,89,251,162,307,0
F:\\Alan\\Documentos\\Doutorado\\Retina\\images\\gamma_correction\\train\\102374_20150505001001007_tb.jpg,6,123,89,191,0
F:\\Alan\\Documentos\\Doutorado\\Retina\\images\\gamma_correction\\train\\102374_20150505001001007_tb.jpg,19,183,87,236,0
F:\\Alan\\Documentos\\Doutorado\\Retina\\images\\gamma_correction\\train\\102374_20150505001001007_tb.jpg,89,178,162,234,0
F:\\Alan\\Documentos\\Doutorado\\Retina\\images\\gamma_correction\\train\\102376_20150505001001008.jpg,275,307,379,415,0
F:\\Alan\\Documentos\\Doutorado\\Retina\\images\\gamma_correction\\train\\102376_20150505001001008.jpg,507,224,564,279,0
F:\\Alan\\Documentos\\Doutorado\\Retina\\images\\gamma_correction\\train\\102376_20150505001001008.jpg,1,266,71,332,0
F:\\Alan\\Documentos\\Doutorado\\Retina\\images\\gamma_correction\\train\\102376_20150505001001008.jpg,90,36,152,98,0
F:\\Alan\\Documentos\\Doutorado\\Retina\\images\\gamma_correction\\train\\102376_20150505001001008.jpg,81,236,141,290,0
F:\\Alan\\Documentos\\Doutorado\\Retina\\images\\gamma_correction\\train\\102376_20150505001001008.jpg,198,362,273,419,0
F:\\Alan\\Documentos\\Doutorado\\Retina\\images\\gamma_correction\\train\\102376_20150505001001008.jpg,18,230,81,283,0
F:\\Alan\\Documentos\\Doutorado\\Retina\\images\\gamma_correction\\train\\102376_20150505001001008_tb.jpg,275,70,379,178,0
F:\\Alan\\Documentos\\Doutorado\\Retina\\images\\gamma_correction\\train\\102376_20150505001001008_tb.jpg,507,206,564,261,0
F:\\Alan\\Documentos\\Doutorado\\Retina\\images\\gamma_correction\\train\\102376_20150505001001008_tb.jpg,1,153,71,219,0
F:\\Alan\\Documentos\\Doutorado\\Retina\\images\\gamma_correction\\train\\102376_20150505001001008_tb.jpg,90,387,152,449,0
F:\\Alan\\Documentos\\Doutorado\\Retina\\images\\gamma_correction\\train\\102376_20150505001001008_tb.jpg,81,195,141,249,0
F:\\Alan\\Documentos\\Doutorado\\Retina\\images\\gamma_correction\\train\\102376_20150505001001008_tb.jpg,198,66,273,123,0
F:\\Alan\\Documentos\\Doutorado\\Retina\\images\\gamma_correction\\train\\102376_20150505001001008_tb.jpg,18,202,81,255,0
F:\\Alan\\Documentos\\Doutorado\\Retina\\images\\gamma_correction\\train\\102377_20150505001001011.jpg,123,109,179,175,0
F:\\Alan\\Documentos\\Doutorado\\Retina\\images\\gamma_correction\\train\\102377_20150505001001011.jpg,83,177,138,232,0
F:\\Alan\\Documentos\\Doutorado\\Retina\\images\\gamma_correction\\train\\102377_20150505001001011.jpg,136,398,193,458,0
F:\\Alan\\Documentos\\Doutorado\\Retina\\images\\gamma_correction\\train\\102377_20150505001001011_tb.jpg,123,310,179,376,0
F:\\Alan\\Documentos\\Doutorado\\Retina\\images\\gamma_correction\\train\\102377_20150505001001011_tb.jpg,83,253,138,308,0
F:\\Alan\\Documentos\\Doutorado\\Retina\\images\\gamma_correction\\train\\102377_20150505001001011_tb.jpg,136,27,193,87,0
F:\\Alan\\Documentos\\Doutorado\\Retina\\images\\gamma_correction\\train\\102381_20150417001059010.jpg,301,226,356,277,0
F:\\Alan\\Documentos\\Doutorado\\Retina\\images\\gamma_correction\\train\\102381_20150417001059010_tb.jpg,301,208,356,259,0
F:\\Alan\\Documentos\\Doutorado\\Retina\\images\\gamma_correction\\train\\102382_20150417001059008.jpg,313,394,386,449,0
F:\\Alan\\Documentos\\Doutorado\\Retina\\images\\gamma_correction\\train\\102382_20150417001059008_tb.jpg,313,36,386,91,0
F:\\Alan\\Documentos\\Doutorado\\Retina\\images\\gamma_correction\\train\\102384_20150417001065015.jpg,227,173,283,228,0
F:\\Alan\\Documentos\\Doutorado\\Retina\\images\\gamma_correction\\train\\102384_20150417001065015_tb.jpg,227,257,283,312,0
F:\\Alan\\Documentos\\Doutorado\\Retina\\images\\gamma_correction\\train\\102385_20150429001005017.jpg,157,232,236,311,0
F:\\Alan\\Documentos\\Doutorado\\Retina\\images\\gamma_correction\\train\\102385_20150429001005017_tb.jpg,157,174,236,253,0
F:\\Alan\\Documentos\\Doutorado\\Retina\\images\\gamma_correction\\train\\102398_20150428001048003.jpg,183,332,302,417,0
F:\\Alan\\Documentos\\Doutorado\\Retina\\images\\gamma_correction\\train\\102398_20150428001048003_tb.jpg,183,68,302,153,0
F:\\Alan\\Documentos\\Doutorado\\Retina\\images\\gamma_correction\\train\\102399_20150428001048004.jpg,184,343,292,424,0
F:\\Alan\\Documentos\\Doutorado\\Retina\\images\\gamma_correction\\train\\102399_20150428001048004_tb.jpg,184,61,292,142,0
F:\\Alan\\Documentos\\Doutorado\\Retina\\images\\gamma_correction\\train\\102400_20150428001048008.jpg,103,209,220,290,0
F:\\Alan\\Documentos\\Doutorado\\Retina\\images\\gamma_correction\\train\\102400_20150428001048008_tb.jpg,103,195,220,276,0
F:\\Alan\\Documentos\\Doutorado\\Retina\\images\\gamma_correction\\train\\102413_20150518001004015.jpg,357,358,438,413,0
F:\\Alan\\Documentos\\Doutorado\\Retina\\images\\gamma_correction\\train\\102413_20150518001004015_tb.jpg,357,72,438,127,0
F:\\Alan\\Documentos\\Doutorado\\Retina\\images\\gamma_correction\\train\\102415_20150429001043016.jpg,196,298,254,349,0
F:\\Alan\\Documentos\\Doutorado\\Retina\\images\\gamma_correction\\train\\102415_20150429001043016_tb.jpg,196,136,254,187,0
F:\\Alan\\Documentos\\Doutorado\\Retina\\images\\gamma_correction\\train\\102422_20150508001011011.jpg,113,355,166,434,0
F:\\Alan\\Documentos\\Doutorado\\Retina\\images\\gamma_correction\\train\\102422_20150508001011011_tb.jpg,113,51,166,130,0
F:\\Alan\\Documentos\\Doutorado\\Retina\\images\\gamma_correction\\train\\102426_20150504001045015.jpg,289,215,357,290,0
F:\\Alan\\Documentos\\Doutorado\\Retina\\images\\gamma_correction\\train\\102426_20150504001045015_tb.jpg,289,195,357,270,0
F:\\Alan\\Documentos\\Doutorado\\Retina\\images\\gamma_correction\\train\\102429_20150504001045018.jpg,358,321,420,387,0
F:\\Alan\\Documentos\\Doutorado\\Retina\\images\\gamma_correction\\train\\102434_20150427001092021.jpg,162,215,249,292,0
F:\\Alan\\Documentos\\Doutorado\\Retina\\images\\gamma_correction\\train\\102434_20150427001092021_tb.jpg,162,193,249,270,0
F:\\Alan\\Documentos\\Doutorado\\Retina\\images\\gamma_correction\\train\\102439_20150505001026002.jpg,124,96,228,202,0
F:\\Alan\\Documentos\\Doutorado\\Retina\\images\\gamma_correction\\train\\102440_20150505001026001.jpg,159,92,268,187,0
F:\\Alan\\Documentos\\Doutorado\\Retina\\images\\gamma_correction\\train\\102440_20150505001026001_tb.jpg,159,298,268,393,0
F:\\Alan\\Documentos\\Doutorado\\Retina\\images\\gamma_correction\\train\\102441_20150505001026003.jpg,72,196,242,377,0
F:\\Alan\\Documentos\\Doutorado\\Retina\\images\\gamma_correction\\train\\102441_20150505001026003_tb.jpg,72,108,242,289,0
F:\\Alan\\Documentos\\Doutorado\\Retina\\images\\gamma_correction\\train\\102442_20150505001026010.jpg,92,147,226,283,0
F:\\Alan\\Documentos\\Doutorado\\Retina\\images\\gamma_correction\\train\\102442_20150505001026010_tb.jpg,92,202,226,338,0
F:\\Alan\\Documentos\\Doutorado\\Retina\\images\\gamma_correction\\train\\102443_20150505001026011.jpg,76,251,255,413,0
F:\\Alan\\Documentos\\Doutorado\\Retina\\images\\gamma_correction\\train\\102443_20150505001026011_tb.jpg,76,72,255,234,0
F:\\Alan\\Documentos\\Doutorado\\Retina\\images\\gamma_correction\\train\\102447_20150507001014011.jpg,249,243,300,294,0
F:\\Alan\\Documentos\\Doutorado\\Retina\\images\\gamma_correction\\train\\102447_20150507001014011_tb.jpg,249,191,300,242,0
F:\\Alan\\Documentos\\Doutorado\\Retina\\images\\gamma_correction\\train\\102449_20150507001014012.jpg,332,349,422,419,0
F:\\Alan\\Documentos\\Doutorado\\Retina\\images\\gamma_correction\\train\\102449_20150507001014012_tb.jpg,332,66,422,136,0
F:\\Alan\\Documentos\\Doutorado\\Retina\\images\\gamma_correction\\train\\102450_20150507001014013.jpg,257,294,334,364,0
F:\\Alan\\Documentos\\Doutorado\\Retina\\images\\gamma_correction\\train\\102450_20150507001014013_tb.jpg,257,121,334,191,0
F:\\Alan\\Documentos\\Doutorado\\Retina\\images\\gamma_correction\\train\\102455_20150507001032021.jpg,236,358,330,419,0
F:\\Alan\\Documentos\\Doutorado\\Retina\\images\\gamma_correction\\train\\102457_20150507001033016.jpg,294,253,375,317,0
F:\\Alan\\Documentos\\Doutorado\\Retina\\images\\gamma_correction\\train\\102457_20150507001033016_tb.jpg,294,168,375,232,0
F:\\Alan\\Documentos\\Doutorado\\Retina\\images\\gamma_correction\\train\\102460_20150429001067011.jpg,242,209,315,275,0
F:\\Alan\\Documentos\\Doutorado\\Retina\\images\\gamma_correction\\train\\102460_20150429001067011_tb.jpg,242,210,315,276,0
F:\\Alan\\Documentos\\Doutorado\\Retina\\images\\gamma_correction\\train\\102461_20150429001067012.jpg,147,194,215,264,0
F:\\Alan\\Documentos\\Doutorado\\Retina\\images\\gamma_correction\\train\\102461_20150429001067012_tb.jpg,147,221,215,291,0
F:\\Alan\\Documentos\\Doutorado\\Retina\\images\\gamma_correction\\train\\102462_20150429001067014.jpg,230,268,335,375,0
F:\\Alan\\Documentos\\Doutorado\\Retina\\images\\gamma_correction\\train\\102462_20150429001067014_tb.jpg,230,110,335,217,0
F:\\Alan\\Documentos\\Doutorado\\Retina\\images\\gamma_correction\\train\\102465_20150429001079002.jpg,309,364,390,438,0
F:\\Alan\\Documentos\\Doutorado\\Retina\\images\\gamma_correction\\train\\102465_20150429001079002_tb.jpg,309,47,390,121,0
F:\\Alan\\Documentos\\Doutorado\\Retina\\images\\gamma_correction\\train\\102466_20150429001079001.jpg,389,362,442,424,0
F:\\Alan\\Documentos\\Doutorado\\Retina\\images\\gamma_correction\\train\\102466_20150429001079001_tb.jpg,389,61,442,123,0
F:\\Alan\\Documentos\\Doutorado\\Retina\\images\\gamma_correction\\train\\102467_20150429001079011.jpg,259,255,336,351,0
F:\\Alan\\Documentos\\Doutorado\\Retina\\images\\gamma_correction\\train\\102467_20150429001079011_tb.jpg,259,134,336,230,0
F:\\Alan\\Documentos\\Doutorado\\Retina\\images\\gamma_correction\\train\\102468_20150429001079012.jpg,369,319,454,434,0
F:\\Alan\\Documentos\\Doutorado\\Retina\\images\\gamma_correction\\train\\102468_20150429001079012_tb.jpg,369,51,454,166,0
F:\\Alan\\Documentos\\Doutorado\\Retina\\images\\gamma_correction\\train\\102469_20150429001079014.jpg,154,360,243,417,0
F:\\Alan\\Documentos\\Doutorado\\Retina\\images\\gamma_correction\\train\\102469_20150429001079014_tb.jpg,154,68,243,125,0
F:\\Alan\\Documentos\\Doutorado\\Retina\\images\\gamma_correction\\train\\102470_20150430001072012.jpg,92,215,147,294,0
F:\\Alan\\Documentos\\Doutorado\\Retina\\images\\gamma_correction\\train\\102470_20150430001072012.jpg,152,253,218,307,0
F:\\Alan\\Documentos\\Doutorado\\Retina\\images\\gamma_correction\\train\\102470_20150430001072012_tb.jpg,92,191,147,270,0
F:\\Alan\\Documentos\\Doutorado\\Retina\\images\\gamma_correction\\train\\102470_20150430001072012_tb.jpg,152,178,218,232,0
F:\\Alan\\Documentos\\Doutorado\\Retina\\images\\gamma_correction\\train\\102473_20150430001075011.jpg,249,255,317,341,0
F:\\Alan\\Documentos\\Doutorado\\Retina\\images\\gamma_correction\\train\\102475_20150430001078017.jpg,51,249,106,304,0
F:\\Alan\\Documentos\\Doutorado\\Retina\\images\\gamma_correction\\train\\102475_20150430001078017_tb.jpg,51,181,106,236,0
F:\\Alan\\Documentos\\Doutorado\\Retina\\images\\gamma_correction\\train\\102477_20150430001078018.jpg,128,241,203,304,0
F:\\Alan\\Documentos\\Doutorado\\Retina\\images\\gamma_correction\\train\\102477_20150430001078018_tb.jpg,128,181,203,244,0
F:\\Alan\\Documentos\\Doutorado\\Retina\\images\\gamma_correction\\train\\102478_20150430001083010.jpg,354,330,443,394,0
F:\\Alan\\Documentos\\Doutorado\\Retina\\images\\gamma_correction\\train\\102480_20150527001001002.jpg,118,198,252,319,0
F:\\Alan\\Documentos\\Doutorado\\Retina\\images\\gamma_correction\\train\\102480_20150527001001002_tb.jpg,118,166,252,287,0
F:\\Alan\\Documentos\\Doutorado\\Retina\\images\\gamma_correction\\train\\102481_20150527001001010.jpg,171,164,298,294,0
F:\\Alan\\Documentos\\Doutorado\\Retina\\images\\gamma_correction\\train\\102481_20150527001001010_tb.jpg,171,191,298,321,0
F:\\Alan\\Documentos\\Doutorado\\Retina\\images\\gamma_correction\\train\\102483_20150508001027013.jpg,419,202,476,258,0
F:\\Alan\\Documentos\\Doutorado\\Retina\\images\\gamma_correction\\train\\102483_20150508001027013_tb.jpg,419,227,476,283,0
F:\\Alan\\Documentos\\Doutorado\\Retina\\images\\gamma_correction\\train\\102488_20150506001049010.jpg,43,349,107,419,0
F:\\Alan\\Documentos\\Doutorado\\Retina\\images\\gamma_correction\\train\\102488_20150506001049010_tb.jpg,43,66,107,136,0
F:\\Alan\\Documentos\\Doutorado\\Retina\\images\\gamma_correction\\train\\102489_20150506001049011.jpg,193,421,270,473,0
F:\\Alan\\Documentos\\Doutorado\\Retina\\images\\gamma_correction\\train\\102489_20150506001049011_tb.jpg,193,12,270,64,0
F:\\Alan\\Documentos\\Doutorado\\Retina\\images\\gamma_correction\\train\\102492_20150506001049015.jpg,49,119,102,181,0
F:\\Alan\\Documentos\\Doutorado\\Retina\\images\\gamma_correction\\train\\102493_20150506001049016.jpg,132,285,269,390,0
F:\\Alan\\Documentos\\Doutorado\\Retina\\images\\gamma_correction\\train\\102499_20150512001037003.jpg,66,273,174,373,0
F:\\Alan\\Documentos\\Doutorado\\Retina\\images\\gamma_correction\\train\\102499_20150512001037003_tb.jpg,66,112,174,212,0
F:\\Alan\\Documentos\\Doutorado\\Retina\\images\\gamma_correction\\train\\102500_20150512001037009.jpg,4,209,59,283,0
F:\\Alan\\Documentos\\Doutorado\\Retina\\images\\gamma_correction\\train\\102500_20150512001037009_tb.jpg,4,202,59,276,0
F:\\Alan\\Documentos\\Doutorado\\Retina\\images\\gamma_correction\\train\\102503_20150506001077014.jpg,198,362,269,424,0
F:\\Alan\\Documentos\\Doutorado\\Retina\\images\\gamma_correction\\train\\102503_20150506001077014_tb.jpg,198,61,269,123,0
F:\\Alan\\Documentos\\Doutorado\\Retina\\images\\gamma_correction\\train\\102504_20150506001077015.jpg,174,266,262,328,0
F:\\Alan\\Documentos\\Doutorado\\Retina\\images\\gamma_correction\\train\\102504_20150506001077015_tb.jpg,174,157,262,219,0
F:\\Alan\\Documentos\\Doutorado\\Retina\\images\\gamma_correction\\train\\102505_20150507001064008.jpg,218,143,292,221,0
F:\\Alan\\Documentos\\Doutorado\\Retina\\images\\gamma_correction\\train\\102505_20150507001064008_tb.jpg,218,264,292,342,0
F:\\Alan\\Documentos\\Doutorado\\Retina\\images\\gamma_correction\\train\\102506_20150507001064011.jpg,236,79,321,175,0
F:\\Alan\\Documentos\\Doutorado\\Retina\\images\\gamma_correction\\train\\102506_20150507001064011_tb.jpg,236,310,321,406,0
F:\\Alan\\Documentos\\Doutorado\\Retina\\images\\gamma_correction\\train\\102507_20150507001064010.jpg,173,64,273,143,0
F:\\Alan\\Documentos\\Doutorado\\Retina\\images\\gamma_correction\\train\\102507_20150507001064010_tb.jpg,173,342,273,421,0
F:\\Alan\\Documentos\\Doutorado\\Retina\\images\\gamma_correction\\train\\102508_20150507001064009.jpg,202,92,302,185,0
F:\\Alan\\Documentos\\Doutorado\\Retina\\images\\gamma_correction\\train\\102508_20150507001064009_tb.jpg,202,300,302,393,0
F:\\Alan\\Documentos\\Doutorado\\Retina\\images\\gamma_correction\\train\\102509_20150507001064012.jpg,207,92,271,166,0